"","GSM1237722","GSM1237723","GSM1237724","GSM1237725","GSM1237726","GSM1237727","GSM1237728","GSM1237729","GSM1237730","GSM1237731","GSM1237732","GSM1237733"
"AU020206",2.68900885992347,2.65204954808624,2.69561496489864,1.58350838020162,1.50234851137609,1.5894959204336,2.81567331120503,2.75038840640544,2.57990885476401,2.71789775657946,2.60722444493249,2.68662030232368
"AI429363",1.17246628518199,1.13728189738021,0.997081815485019,2.68891705182222,2.87296630846882,2.79180407690888,1.11864037394535,1.34169527936102,1.18156991545652,0.922354017270436,1.17274268618931,1.13642436560227
"Slco2b1",0.894523291000462,0.895686838046815,0.838455616140587,2.21135058440284,2.02994495264735,2.07711079895846,1.08091393950537,1.28867184191631,0.742030601495116,0.888052070743748,1.11195826701326,0.996096652758368
"Cenpi",2.74743552965746,2.78927736941247,2.79255314234816,1.17154279444072,1.21383078630009,1.25370329994981,2.92754685535414,2.79473045910331,2.76162553074335,2.84314249157633,2.71725544410778,2.77793668793527
"Sbk1",1.31027950603116,1.45826336066129,1.5311133906008,2.32799888278657,2.51209588742884,2.54734140833767,1.36775121623227,1.22413865716645,1.17481497133445,1.38274153967935,1.36541317514548,1.25668266306579
"Akr1c18",1.03293210656032,1.00755548599458,0.983799657385515,2.15691497852291,2.17174989314675,2.24196265837556,0.80539038579801,0.893857824402033,0.944850695646484,1.14779470998151,0.983918874124295,1.01454657745749
"Rfc4",2.55120443836018,2.52199369468854,2.56755139579577,1.18700900043237,1.15637791099285,1.17242633011982,2.61021455525841,2.70429814656674,2.51975028272281,2.53151461275414,2.45083175416361,2.52186516348527
"Nrm",2.40307095913941,2.41874646895156,2.50841672784891,1.12828636526826,1.23107904016982,1.34460046674522,2.60456180826451,2.6760483170819,2.28276684301072,2.45790816859957,2.52960656797751,2.52464083227451
"Tcf19",3.56440120610476,3.71956718844145,3.53904805893208,1.68240243032082,1.6977502218052,1.70138074230544,3.62280170699741,3.68686181302145,3.54065241920115,3.5875340481485,3.4817758677452,3.56819251127253
"Smim3",2.28620213131197,2.44298199959793,2.3615986570285,3.49345002175695,3.56097495152225,3.48829313986062,2.48570388253542,2.3041099158024,2.15830876751318,2.30095872126066,2.31736076707807,2.39912298121456
"Psat1",3.16614050708443,3.18927420591492,3.19102903642052,1.79505069903523,1.95122922341233,1.92923031826733,3.39937538706339,3.4510949853211,3.29129196957571,3.28581469036236,3.26047239410647,3.212717799096
"Cdc20",3.75987309872413,3.72659129179488,3.8038705972922,2.64948640712436,2.49882639081148,2.49962690559992,3.86030737125041,3.94315766957028,3.78678632789254,3.79333234821263,3.77445839159956,3.76054185884268
"Cenpf",2.91636849273105,2.88680233128814,2.9443990611593,1.36185819947307,1.10396375518016,1.18928804633667,3.11625133569165,3.0222028399335,2.87754469195525,2.96750484231833,2.99109240404195,2.92849337670349
"Shmt2",3.31192438397046,3.24695850952562,3.29879664809835,1.973527694254,1.7517884530195,1.67821380990269,3.42923297246265,3.41370434624429,3.36313974943201,3.4070972158008,3.34329206508696,3.18383777924649
"Dnajc9",3.32476865308322,3.36432242927918,3.4044742880374,2.20589994444261,2.17268196732127,2.15350130171497,3.5417197823764,3.42381841743456,3.3040432232731,3.35109824529379,3.36142494822377,3.34449560113346
"Nusap1",3.47495921661723,3.51827983371051,3.53931600060429,1.63713557769168,1.29767630019003,1.3436466116131,3.64275799615347,3.61244536992791,3.40032738776446,3.54254214829667,3.47584454740446,3.50982564649291
"Cdca2",3.00227841463828,3.00082686486655,2.92347867955598,1.4798896830305,1.08703312038677,1.04906035058873,2.99568538189957,3.08662698545064,2.93165191940169,2.91395413751334,2.83516621119232,2.94537210574136
"E2f8",3.01038946991293,2.87911439016056,3.00424618833414,1.79345282391293,1.82708997381675,2.00088935770339,3.08813764807096,3.11408025576177,2.93114458459735,2.9779143737276,2.96533976749178,2.8943740421707
"Pimreg",3.00404123058044,3.04719825977547,2.9772111276913,1.34805575867246,1.12543974592301,1.19191172084939,3.10805658829292,3.13222229128738,2.95041241555072,2.96087134361739,2.95051852433935,2.97121089210721
"Kif22",3.03052854668129,2.9584798584129,2.95512878630514,1.20910405052818,1.35538484529157,1.40278572254812,3.0669490084474,3.11924698340415,2.90678192098396,2.97166684361971,2.9834367187998,2.96158780708012
"Dut",2.73946277148975,2.73283882714695,2.75389928712518,0.925132257153554,1.16724596364181,1.25595946258042,2.87245907228314,2.75836884243972,2.65623358720959,2.73365356343574,2.68013718088919,2.63233920056834
"Phka2",3.14264984935233,3.15557570951305,3.21318414112969,2.03611306777253,2.14940445819199,2.13698339480334,3.28351671528261,3.2718011827305,3.23338328941566,3.13676027738021,3.1593825516759,3.14135485357818
"Chaf1b",2.68508100464757,2.79349567058077,2.81025510575639,1.15434271013437,1.23131813595595,1.12050580774006,2.74817772933642,2.78365870730759,2.69550517259217,2.62399902173959,2.58165398732112,2.68836170534703
"D17H6S56E-5",3.86271508095431,3.89093989805808,3.85067527422293,2.20396410456809,2.22221896431004,2.25212514643204,4.05553920119202,3.9763089204445,3.81433431151655,3.80599583395687,3.85621098419094,3.79039047899522
"Abca1",2.16395477968358,1.9057122517758,1.88784416568404,3.05453120109466,3.39942200017299,3.41009770081672,2.16809866007937,2.42071164662362,1.96227503101141,2.05385738954924,2.09770627388694,2.03376731408697
"Rasa2",1.58742307201737,1.44598565051549,1.36509346268122,2.60477356609482,2.59040565857975,2.71443812795172,1.8764126204662,1.66500535477129,1.53453739835887,1.66741791679656,1.40934261382813,1.5186853577422
"Adora2b",1.42180218059101,1.3620894430489,1.2455092619161,2.47041024580945,2.56476332452822,2.53275532400676,1.22438615917765,1.18754561641764,1.2141676157413,1.03412039338722,1.13174320466208,1.32559039953313
"Ahr",1.32488968105681,1.36781480348064,1.27083312548988,3.52531810643586,3.5929248597956,3.55776862301315,1.53047281909177,1.32684569162946,1.18237252809404,1.25585285259952,1.29984128130317,1.31904177694861
"Ahrr",2.26171974889989,2.20978270991534,2.07846552623079,3.3399724322681,3.32981677745893,3.35720200899456,2.37155378716117,2.10489571659279,1.97997025453517,2.08772447100632,2.07522577542774,1.95965025662615
"Alox5",3.06511169020564,3.11066388660615,3.07539028214173,4.00573343849036,4.13241253519509,4.13862108323903,3.05933966262248,2.97697220917474,2.96410797504196,2.84359747782129,2.85827694686047,2.91927724766037
"Birc5",3.91943771549705,3.92256129595393,3.93413079185716,2.31375021380947,2.12090846325247,2.03352379846993,4.08341986123257,4.11387523164169,3.90957324536109,4.01567021544094,3.96953236687506,4.00025495578038
"Cd5l",2.07079452383179,2.02713375563919,1.99494733378496,0.849466142956274,1.40456462758928,0.989733891498636,2.29882635341721,2.15045989545511,2.1875218616724,2.31187423379355,2.40375715392026,2.36745167655191
"Apobec1",4.32283735339698,4.38046136683832,4.29790208606714,3.09662702282217,3.18328579927949,3.18245594870346,4.51471786879418,4.44315044995225,4.33906752942467,4.38496781878162,4.35031443763454,4.29449619559238
"Apoc2",1.93265786909089,1.93292306797277,2.03262383997421,3.57002921946124,3.65093530461391,3.70431193153719,1.83203275958861,1.8357154973686,1.83295329160097,1.86086124328653,1.86137781896497,1.70735910293535
"Arg1",0.776689002768878,0.820176749666309,0.63470648084562,4.6586404995638,4.75930015213828,4.71455558483659,0.75355537417112,0.640899847647825,0.711040143258609,0.638099584409471,0.646258978711944,0.950756814482743
"Arg2",1.37133938131815,1.10438244723998,1.53416420164333,3.22883050508296,3.40143342986013,3.40078979657567,0.991755707265723,1.30347834243063,1.2658673401481,1.13571428051548,1.18557561368289,0.876918729884481
"Arsb",4.09301746687816,4.08188386189026,4.12658799500264,2.5068209897598,2.69152335110961,2.68591341213372,4.35156143775106,4.30022224120957,4.15448272024519,4.22793751830863,4.31647383056859,4.25154028450357
"Atf3",4.00259938653642,3.86548133125163,3.95659537117607,2.66445452188955,2.55485568863195,2.64593400439941,3.89367475430947,4.05852426559086,4.03454976911029,4.08600816636193,4.06857408464212,3.83485069746276
"Fxyd2",1.75910236019399,1.79974081295507,1.64531052839511,3.82998731407102,3.91148472194368,3.93330679149823,1.50369910563026,1.60103260533163,1.54026661123369,1.16272234114485,1.34610596103312,1.27003411582099
"Slc7a1",2.96409289291349,2.87796956099482,2.99522627066181,1.86025995993199,1.74508554550502,1.79572567151681,3.18974863455138,3.18613787210848,2.99102883073383,3.06714886371321,3.06273541496345,2.91108531413128
"Bcl2l11",1.63743631905466,1.50881931527529,1.32384109522989,2.58759533831859,2.92137953223037,2.84316235559674,1.69062579367394,1.78471682409583,1.48820467444697,1.75145794411764,1.55470101460332,1.54740875214455
"Blm",2.31406543752524,2.30294239411885,2.3977754254094,1.34585431386135,1.26348102422811,1.0132576585094,2.47163801311649,2.28084651169482,2.31735597734929,2.31579755635791,2.24911660122275,2.22544255606884
"Brca1",2.54888810550261,2.59196107596091,2.62552761584675,1.49073023062594,1.4187401188576,1.53627427806412,2.72883747966152,2.6442663729923,2.55431161036465,2.5418327134475,2.52332554284689,2.45323587204805
"Bub1",3.26642388753956,3.22986574532866,3.23956876903713,1.6956869651608,1.64568569175686,1.52522388626643,3.37729463322905,3.31266037829297,3.23412005596111,3.24345022143321,3.25450458198253,3.23730942429749
"Bub1b",2.99634905268885,3.00459777834342,3.00813058986384,1.3336041848497,1.31963771124453,1.57457275732238,3.14291893425467,3.15001416974645,3.10308944976035,3.05754681159121,3.00660781347859,3.00439258905365
"C5ar1",3.45398309625141,3.4614704046787,3.3252347775799,4.30361568820867,4.436231804973,4.42563031452835,3.75609512059795,3.53374223644524,3.24115330913861,3.37702667662672,3.38054135384621,3.24895682064628
"Aspm",2.73428455432836,2.77943364943254,2.73706466826675,0.966320062848915,0.898427315882924,0.8579550193456,3.02358805034557,3.00406116764993,2.79728249941426,2.90411214827864,2.93496032197439,2.91071820313973
"Cav1",1.60021814689458,1.41337673457091,1.4979747781704,3.97800501175652,3.98746463084679,4.02702189795464,1.54129997570281,1.49528319552993,1.29158740989995,1.49209338378535,1.33458711435379,1.23412904316527
"Ccna2",4.01310293816874,4.10202186714907,4.02590165645282,2.16225732687969,2.17422489668079,1.87990518560981,4.17508975171643,4.13886733285342,4.05551618894047,4.10147447549942,4.0324164473641,4.03261656403637
"Ccnb2",3.73021640154601,3.73268389613711,3.74228085913132,2.43747647833155,2.49524227588015,2.5057653062462,3.92622780164029,3.85248489566143,3.74470093313644,3.79672126139195,3.77454735755321,3.79045260548521
"Ccnd1",4.22605267644432,4.32567198429038,4.27768240194526,3.22910836079525,3.22281791567101,3.22476763690832,4.40696243649341,4.37648473144296,4.22022126535432,4.25810766359977,4.22437084464712,4.31603640876088
"Ccne2",2.21009507499567,2.14790577959503,2.27518585027788,0.475365814013156,0.613613622639574,0.468437930930279,2.34443299502706,2.38574818020549,2.06773291954484,2.20694276114246,2.09865762883962,2.15709799562342
"Ccnf",2.59790463161493,2.55331480009233,2.59495424019405,1.36406392990642,1.15922997774557,1.3018849907189,2.68711689925376,2.65220467683929,2.62160171348031,2.58728916215368,2.67052383251761,2.52569636483778
"Cd2",1.150152136658,1.11382058227598,0.97146777384988,2.1179702688432,2.54392458114634,2.30761175617174,1.19754217435238,1.19533160660156,1.02707029896583,1.00143984278502,1.07784262142944,0.849104716846737
"Entpd1",1.84917155003898,1.87442349399717,1.90553513531776,3.59838743397674,3.63092516951064,3.60220694117728,1.97454961985306,1.90857953488629,1.64621469388287,1.86397485552579,1.64871047804214,1.64483958355292
"Cd80",1.36149220507155,1.50175433919421,1.1932644590092,2.64338119556175,2.62627106491763,2.68408833383294,1.34044528567185,1.47303018880629,1.16497405235891,1.07586283584963,1.08718808657193,1.2407593568835
"Cd86",1.98103779943321,2.00895472492545,1.79262624794548,3.25920601877315,3.3629024456021,3.3264780396955,1.79291338953668,1.81353412810356,1.78644763621297,1.70316902721601,1.65451291791289,1.70102134022777
"Cdc25c",2.00986910838347,1.92269440033707,1.89038127161324,0.849241532506225,0.82467160055335,1.01717000428871,2.0433471569107,2.20761155736566,1.96771077370735,2.06501230247169,2.067963757081,1.88130279216061
"Cdk1",3.86821698586042,3.96868443085991,3.94183497514787,2.72970966994132,2.76442239589147,2.81561555472179,4.08332277485164,3.99698729429114,3.86668925879726,3.9302325539273,3.87164343652475,3.8782279586815
"Cdc45",2.35348863038804,2.4512229316699,2.4083453260912,0.950230519240364,1.20690298712196,1.25987759133115,2.50710009709627,2.47340553357235,2.39138532371062,2.25544998507156,2.33495271957482,2.33819882383771
"Cdk6",3.83782283293997,3.91335712788394,3.89885585049419,2.79657042089515,2.77590455423239,2.82466809746981,3.913188327571,3.93460976873848,3.76404732970036,3.87728239002448,3.81845736458634,3.84353887023282
"Cdkn2c",3.57740954077884,3.6043884806901,3.57408343259098,2.42494924346015,2.29388500746139,2.37014313900451,3.72699849058042,3.70595760351255,3.60230454700117,3.61715379645559,3.56899084255068,3.60115044870113
"Ch25h",2.79103645517234,2.82638893377708,2.71568717694072,1.0265428143333,1.37903269218234,1.13195014821113,2.98957950872604,2.82202169768938,2.73437180055227,2.65681354965739,2.66283124002693,2.73061742575461
"Chek1",2.35060766480189,2.25900915897273,2.3378545981859,0.982967555976982,0.79453612399512,0.924759015545593,2.34809217193899,2.42677476470537,2.18438799010291,2.28774565241193,2.29816406153068,2.37076842161692
"Ccr1",2.63239412668327,2.87637333613825,2.61679840823874,4.57400405265212,4.75535652956819,4.76808109303454,2.78131466750856,2.64032411483889,2.33560734658231,2.57974103159744,2.56222103454725,2.61338603684501
"Plk3",1.37761354502,1.5041617315552,1.11290331039855,2.13986867942183,2.25595683714475,2.21296140657497,1.47597659252049,1.23242432447147,1.35988027320623,0.940124769323798,1.14233063730305,1.27899958237201
"Crem",1.65616683123914,1.7434484434961,1.52451705009245,3.49963725285988,3.64467609105546,3.68166433990108,1.81077536612142,1.65640446874118,1.37039743810341,1.459123950628,1.66109255507331,1.51675494456217
"Vcan",0.954985427137084,1.24794653000434,0.840516495039841,4.62704348180476,4.78721989192965,4.80405050987286,1.03841735941881,0.765937661533908,0.821684321491927,0.853765751465175,0.883739434651094,0.630472465828088
"Ctla2a",0.825943705726674,0.922001390638512,0.708197499533439,3.01338746571413,2.98740679995169,3.04496928375834,0.731616375141093,0.686468906207513,0.689902224699689,0.662800569850132,0.474952755588136,0.69169030898468
"Ctla2b",3.05861491740625,3.13331715222741,3.03752418983156,4.30351590289432,4.42642341514519,4.43513174883996,2.99316929472679,2.98221770198913,2.87306598069448,2.83328149692288,2.79821060951702,2.77907367526124
"Ctsh",2.42468712130567,2.49855699007359,2.53666716880882,3.32995434873809,3.44324379242861,3.52111862625272,2.66134909462005,2.52349476157412,2.43909061158753,2.45803586306925,2.40289735719746,2.39901847557142
"Cybb",3.33198504251084,3.24309489247134,3.38365247285427,1.89555520842636,1.78114782338181,1.59797521491466,3.41557909230688,3.38122433555138,3.21220042912328,3.21999103459375,3.26387695146555,3.21138421043177
"Dck",2.8544188784365,2.6921911828917,2.86297373834296,1.65101184792339,1.80297590533459,1.86008577614319,2.91012022135842,2.940436107954,2.76666946696086,2.84821618677995,2.93163504790562,2.76784385087335
"Dhcr7",3.09166001278708,3.35194532379863,3.18602040346159,2.02433958229402,2.10741890442211,1.7400198447142,3.11850927232633,3.13710062127772,3.08226376886357,3.08448266417981,2.98148917653829,3.00461833088601
"Dhfr",2.6187885315666,2.63403368270466,2.56786316288065,1.75667324994218,1.2602794316814,1.48681002679153,2.65587744983675,2.65619685573133,2.58832046224051,2.52875733951842,2.56884623693138,2.58412344018393
"Ect2",2.31155399963729,2.19240556271498,2.41882951470758,1.11932821359805,1.13732529742213,1.09224663458531,2.46221962862786,2.50666806975026,2.21523624745736,2.43881518268485,2.40000614443368,2.45760311666926
"Edil3",0.909808997804236,0.830288900735686,0.859763438436831,2.50677669544443,2.67325472130146,2.82404083227506,1.00110682973484,0.726767029935231,0.944734353923237,0.682265565277628,0.61741555160523,0.873719702282729
"Ednrb",2.35267564958111,2.36809004597633,2.47918133965165,0.92146609622661,0.991188477393552,1.07667198159116,2.47516837293172,2.52706228911769,2.41531902879279,2.65324450002147,2.648822699158,2.60308744495458
"Ehd1",3.35846950252797,3.47655367389834,3.41715526276553,4.18763427763602,4.33095502188632,4.35243682533214,3.41571294630987,3.33262844374443,3.25635426268746,3.08948345441075,3.12276442580319,3.05895172430874
"Ezh2",3.20676011236989,3.23696106789533,3.19400880981273,1.63729563204634,1.60052177972889,1.48331579794257,3.29841317195532,3.25238993572934,3.1342677321329,3.15859830599366,3.18179946546497,3.24391367834913
"F10",1.39759548441679,1.25663899314677,1.33585961662516,3.44717841208712,3.62502347888521,3.62091343901706,1.33214475063536,1.07637494938755,1.09193978907381,1.14090654684615,1.15684892712099,0.778461735715052
"F5",1.17377954080711,1.16665470559134,0.97146777384988,3.43571250513858,3.56205247914537,3.52103921332129,1.17567031225555,1.11350342641895,1.01091474192809,0.854059662293733,0.933418591744548,0.933351338336566
"Sesn1",3.73966035752893,3.8619365103185,3.75372207627036,2.60330122631889,2.61731971905625,2.69181442045375,3.87990454581137,3.8799965059519,3.72622880259169,3.68332387587382,3.70010007365831,3.80003829351349
"Fabp3",2.44287063546222,2.64165008428411,2.56165088465572,1.20273345802951,1.30135018703766,1.46577782099874,2.56762053874315,2.52801860914583,2.37924824387457,2.338433168396,2.36566071715444,2.33069987544143
"Fasn",3.3197178658394,3.50067863371777,3.36252491232591,2.1576644399055,2.23682611829717,2.31275683959182,3.4347539827093,3.46153582263792,3.35948534124736,3.2755910339261,3.24980084845002,3.33520264162948
"Smc2",3.82343593967471,3.76658154310853,3.86078400603754,2.50359019035637,2.53094528673312,2.51058123235459,3.95613861708854,3.93954463173701,3.729050396465,3.84669105303045,3.84970476643284,3.78924686103912
"Foxm1",2.32773013760206,2.41874646895156,2.39763635049109,1.08919754682444,1.40037512104935,1.24105282154368,2.54793841214439,2.46615266406376,2.33812466909488,2.41102006391903,2.3342600512397,2.44186633686478
"Fos",2.87619359080401,3.22520499496489,2.94282538733324,3.90944555200531,3.97512982282498,3.96426558427709,3.29761789734663,2.79707939662187,2.62646577208166,2.6778588220267,2.7611043810545,3.06743456743555
"Fosl2",1.8129774074898,2.05099192656207,1.91672490859693,3.49318062934857,3.49366303522639,3.49633770210269,2.29120385316534,1.75129469385335,1.75239245695515,1.83503651218906,1.78614168864437,1.9499599951511
"Fpr2",2.32693313336995,2.35810404440052,2.25141729975401,3.74139528607441,3.74916445051932,3.76987500659073,2.06325085841848,2.00766741378083,1.52599101419382,1.48793750369493,1.48875136471891,1.39026695820031
"Fpr1",1.08345977240029,1.1951984237526,1.20931973356803,2.6494839598349,2.58568777338485,2.5581726920092,1.00154879995972,1.0641498588704,0.903835033306838,0.906070829772822,0.911239408445275,0.778921708959456
"Fzd1",0.728224836021386,0.819244571373578,0.826602034732479,1.82510603953833,2.06551197930336,2.26866392699986,0.725890557370873,0.8219268744958,0.811341115768002,0.859294810854317,0.98425717706765,0.708700093966887
"Gab1",1.9630082152586,2.18997944315785,2.12146438933855,3.19663617054564,3.24380539192145,3.25511153568399,2.24680210218099,2.14569919753578,1.71553881972668,1.74239922553199,1.96779819187568,2.17268864353444
"Ggta1",2.71839778594261,2.60854596161129,2.53709188546213,3.65146291479807,3.96822648992317,3.96181669240828,2.68625730894181,2.63659802314595,2.56557024604155,2.51121765129393,2.46504654537843,2.39905377536624
"Gja1",1.32085062106196,1.28019549156353,1.5385865215718,3.64184917612005,3.70593526885735,3.67593970705697,1.54983253132604,1.47458655649218,1.47549617003105,1.53117503291883,1.53279640461444,1.30751184474117
"Gngt2",2.04338054785158,1.98399369966898,1.98136624007351,2.95313870819711,3.05696422948122,3.02578216873332,2.03114711534675,2.18981983353976,1.9463114804886,2.02332219645808,1.86071836795886,1.76508853164903
"Pdpn",3.45703379725748,3.56656258624373,3.41924847657614,4.57495472717482,4.45381559515648,4.4434001805295,3.32060080575102,3.28534786938077,3.06233399214483,3.09557155540183,2.91624311646855,3.02068506576281
"Lpar1",1.79550352888063,1.73512361562566,2.04714910022625,3.76853211258103,3.84152389043502,3.85181960072031,1.98925276918674,1.69962663988734,1.64257622112696,1.70441306398599,1.74270155868003,1.58123439430557
"Cdca3",3.51946584963302,3.55335921080425,3.50368385071327,2.21174257722515,1.77844564895784,1.74440569342168,3.74494684024178,3.74387766519807,3.52985420315285,3.56256312614682,3.45615369299141,3.4810403775099
"Cxcl1",2.6106127157346,2.68239126536878,2.77649616070813,3.42414149847486,3.49416468210018,3.47136188322843,2.48721103456709,2.24931346815518,2.12132233127734,2.23699749954855,2.12766766322586,2.09803377567277
"H60a",2.16285746262225,2.28017938758585,2.14147568036734,3.05983154911173,3.36104733427989,3.33809095586899,2.32860359315528,2.15444927490342,2.03220927644656,1.95747119157908,2.11474475172277,2.33835754130942
"Hells",2.33253141398778,2.2574862512368,2.17932071661036,0.738840725668705,0.808598162132193,0.70527596685812,2.36479071965128,2.29754986704009,2.1707287249942,2.26657939199754,2.30670033192131,2.34770388487264
"Hexb",4.02408814635715,4.07061362875317,4.00776475773935,2.97657724617722,3.01780669469113,3.01853373788643,4.2161720573368,4.16133741195443,4.05467788148894,4.11710879561923,4.0975314084643,4.06961266351476
"Hif1a",2.35788986442614,2.29778297102258,2.27558999662661,3.40306709704,3.55523228336207,3.58568072268569,2.50593187227839,2.39643515120848,2.25580611012595,2.19642632056839,2.20486505658581,2.26845501962409
"H2afx",3.67322140700005,3.70870242059941,3.71718262154235,2.15907453141249,2.36200560166976,2.27823862913038,3.867733740994,3.8330370662474,3.67234039692587,3.7400097935287,3.68604200477496,3.7006922717821
"Hmgb3",2.96392584148968,2.99619097811382,3.0710444295354,1.42700902584139,1.51263013983272,1.63811738299336,3.124558128923,3.16274690974527,2.88851870921326,2.9852903221688,2.99709407161554,2.92874595464818
"Hmmr",3.15906130142353,3.17127356454349,3.21434874376596,1.73807575666677,1.42080760594598,1.69615122504909,3.29500986978613,3.31813894898937,3.21673694010664,3.22612074137397,3.26928792778094,3.20894401235194
"Hsd11b1",1.3771234100596,1.19062968958098,1.27703659897041,2.1611787179601,1.99079445547682,2.2406178498401,1.11788753559945,1.06905576024502,1.17639228770822,0.991339291336406,1.07947833209463,1.31281471120326
"Hspa1b",0.808086249560081,0.961405810486373,0.752001595844907,2.45155670893385,2.38354118259009,2.42154296675951,0.857181879504794,0.946653893234968,0.830320615499261,0.699828515149642,0.701230228400233,0.818436967142619
"Ier3",3.41681303446023,3.54881309932962,3.33905576124811,4.8180745336907,4.94892598170418,4.97274583220011,3.4145550386896,3.31252597241418,3.12712417200926,3.02111039319254,3.09288966927457,3.25368885775154
"Ifit2",2.97801493193273,3.10296477475327,3.03882532368738,1.0693818970703,0.858197592573197,0.947130428954386,3.10055473670988,3.07283284441084,2.97251358824638,2.96487242923574,2.94737654201216,3.04916559461984
"Igf1",3.79492944512004,3.7332169710235,3.84935936965757,0.975382785516614,1.04836950632953,1.08798338634406,3.94798088603003,3.92774202575902,3.79073493723039,3.84149894976093,3.83873919639334,3.7833831111654
"Ighm",3.28730529649943,3.39916383855783,3.27091202925212,1.16216800081435,0.93316622970168,1.03992173946241,3.50780785539751,3.53672029946347,3.44484966064901,3.44167764890243,3.41834910948255,3.45403621387252
"Il1b",1.31637883158296,1.34148387472196,1.18039461226449,3.65339147489391,3.6096189970522,3.60809059763881,1.17158872512908,1.16052456669955,1.40567778261383,1.013038788807,1.11543339520796,1.06787748382889
"Il1r1",1.39240340184366,1.21531729901323,1.44348827923485,2.70933928261569,2.44577529293947,2.47067216635869,1.15433903252679,1.30212968549442,1.4590215205629,1.39023746594713,1.468324342704,1.27254240758124
"Il1r2",1.62382786357585,1.59248755633446,1.58355343525869,4.0201146522635,4.04559606920804,4.03372169238986,1.67096989787132,1.55859963515483,1.21892645454451,1.51967607713462,1.45042181116544,1.4389868588322
"Il4ra",1.93609676311989,2.21012195264911,2.13831977776432,3.06715291165571,3.26843441509697,3.25700921395267,2.29078450174778,2.14839143282731,1.89689974528988,2.11395033015435,2.0684627408829,1.93471392623732
"Acod1",3.18163486630103,3.22784461247102,3.17020726032721,3.299015879188,3.22739551059256,3.25919244244453,2.84836509284482,2.80874580871438,2.64871016534973,2.19478542338615,2.19470683183792,2.17887807073054
"Itga6",2.93630211782087,2.98617165074742,2.95637127541483,1.59062870154621,1.40515574254788,1.36146137575053,3.19895324796619,3.12162282125743,2.99680483161747,3.12722486925323,3.11865607634472,3.10314175330915
"Itgal",1.54801273485895,1.32765565989562,1.41400923797024,2.46533800389261,2.67284710194514,2.78171518053733,1.55590713049433,1.23069342797806,1.39397826956787,1.13829350904113,1.21116585966602,1.09158632411111
"Itgam",3.71395848156359,3.70198943009707,3.66063153970841,4.6416224488888,4.75769280707104,4.77364057530484,3.85404293807033,3.78049818396774,3.58969850521604,3.64108449481295,3.66402610834877,3.59995963423802
"Itgb7",2.51319749412539,2.55624404846885,2.4435004113813,3.9849643650726,3.92114788766667,3.98812281012925,2.75704940125744,2.60856817246111,2.62169738681025,2.45562287514773,2.49459730148773,2.55373079005992
"Jarid2",2.10417174210205,2.11608610490021,1.94417908270058,3.17523203076638,3.16022599864921,3.17517614358048,2.32070990284324,2.10288062331487,1.95213984211833,2.08358245111361,1.93206439318177,1.9717749387466
"Junb",2.68850218743972,2.95496069048746,2.7051362300563,3.62175112329942,3.67873727294637,3.68009858309158,2.88304539020639,2.66542277677637,2.49530927674748,2.55227896546699,2.36933158162731,2.71835799050848
"Napsa",2.55028191856621,2.54035574053267,2.48192923125717,3.62410199796205,3.68396454977793,3.68714987570594,2.80458384275385,2.73457869505901,2.46354453913545,2.59363021092085,2.44440589459984,2.42767434556135
"Kdr",2.16088430048793,2.05829321015115,1.96354059217322,3.18640207216832,3.26029195051918,3.24624083144292,2.06115529983222,2.22525587640194,1.98036742274797,2.10167059432564,2.11650995397569,1.97390515792819
"Kif11",2.6469507444347,2.69972809899745,2.65501187893974,0.968346574224844,0.759540399053748,0.88326953338608,2.91753863599965,2.85765679476187,2.46783432273385,2.61849617240978,2.71472880950822,2.5823879784538
"Kif4",2.46376895226655,2.44812479626559,2.39683456624925,1.12674506437143,1.04720907142174,1.11391570182139,2.46684214913983,2.48257997295911,2.38352831239084,2.37874213411377,2.42016570152722,2.34021718539074
"Klf3",1.84782651002415,1.87917916549463,1.96513648665715,2.79981484373429,2.93346032437934,2.87764372727894,2.14947652662909,2.20034092060418,2.0192243417488,1.80006469810028,2.0096649248148,1.74765126548769
"Klk1b11",1.43046942394193,1.27539656675456,1.47781491959334,2.27783284179066,2.43669224592514,2.53714377345659,1.34710925766233,1.2659971860616,1.55206080806251,1.33082492389707,1.24257900659491,1.46818568994468
"Klra2",0.863016536597312,0.892437468830988,0.998797209466355,1.95280559312818,2.01495253836179,1.98637053004163,0.780238872272588,0.803734644949047,0.743013549078736,0.825550753567397,0.637621652658363,0.745821950347448
"Mafb",2.54372034717907,2.37932596800708,2.40540267468361,3.54353427294443,3.50610695599949,3.57392876052164,2.69514878183403,2.62743861575569,2.50550388179607,2.54751649694997,2.42069342397038,2.39342244645344
"Stmn1",4.78600390113273,4.82460444449305,4.83179253738581,3.00048991019188,3.05599815999253,3.1085180244907,4.99483417237135,4.97781217407111,4.81547540530173,4.88543883422281,4.8324579116561,4.81245031941985
"Lig1",3.32139283866748,3.33349901415227,3.28651276257569,2.20207307005495,2.16762471998601,2.22898996565837,3.3887185771784,3.36618888410987,3.20639852433691,3.29430852281612,3.27362434164658,3.26810530826862
"Lipa",3.40654255694325,3.34072405375148,3.4024810631352,2.14089243734398,1.88862043492153,2.00458573293136,3.65921151769508,3.64754984671409,3.43261865908966,3.52593423806882,3.49285975965591,3.45278236981273
"Lpl",4.98865504886224,5.07845579729792,5.01874646399177,1.54927915122347,1.60859758808668,1.83783669969145,5.24676642688252,5.22889709734438,5.0875903905627,5.17532806140727,5.13761023257305,5.1895934845042
"Ltb4r1",1.07787981340737,1.15508308119451,1.09400511925668,2.46846734681349,2.3678926559479,2.43859513141259,1.34801297241762,1.21969994633374,1.13627298828952,1.22841005145454,1.08718808657193,1.18954982414492
"Tmem37",2.46074506412496,2.65049043917289,2.49845075922048,3.69578990415437,3.80883813216896,3.7499717305441,2.7679119025124,2.63341568340124,2.62671510026574,2.49173887078145,2.47361697061904,2.72002011696079
"Pilrb1",2.33574885171601,2.3541516535913,2.28831823333493,3.44299083474335,3.46078275766526,3.45412181297814,2.26196679193134,2.11262822655778,2.134835631363,1.70032576323152,1.83030927091347,1.69979453098262
"Ly9",3.17656609542755,3.13749762194259,3.08525956685867,2.1786372492157,2.0656140892287,1.81350298300166,3.18788600076116,3.21873794280754,3.15670652406706,3.13542835778166,3.07110981494773,3.05648771679534
"Havcr2",1.8299376221999,2.02644875288238,2.01751595066924,3.34204628130999,3.46607510001191,3.49333611126638,2.09657133701489,2.01276675102758,1.9911875925175,1.90132712897608,1.97517064014741,1.8453138643053
"Mcm3",3.21775150572895,3.32054441878321,3.26687246829514,1.88511116470885,1.7649579635917,1.60357814773824,3.42829561287993,3.38645293250478,3.20206415648541,3.24088792369408,3.17479691160815,3.23997920500289
"Mcm2",3.53718521976145,3.58213477132954,3.54189520484334,1.65934980849172,1.83931458558494,1.64266707944995,3.5944879229532,3.55822562422134,3.44730688595653,3.5047754000268,3.45799856178601,3.38760538973892
"Mcm4",2.89915547658169,2.84563176514121,2.97656040082881,1.34366579326039,1.35695442459378,1.17654837768001,3.01360159310253,3.11996288825544,2.82072302996474,2.96740189939018,2.9672144436731,2.92491741223391
"Mcm5",3.60124260244606,3.58313434150116,3.57593198748634,1.43956181922195,1.47439363298203,1.52196849291038,3.68936579379561,3.6069746174452,3.5629134035141,3.50325100789653,3.51805621083525,3.50307378393539
"Mcm6",3.10624833553973,3.09114837780876,3.18426927899801,0.974175786557233,0.702307875089479,0.689469127929465,3.26312572739273,3.31524428187142,3.07358517819483,3.1176228694249,3.17401483011383,3.15170898135143
"Mcm7",3.75285357751173,3.77369310169568,3.72545431851862,1.9322415016954,1.63850882278863,1.64036755851881,3.8562509953211,3.77858851743905,3.72307754871646,3.71315005246511,3.7251398328252,3.70048265261744
"Melk",2.76710534493078,2.85127500877708,2.72663753601489,1.02617805883015,1.13886673408691,1.11348122180534,3.05486350717009,2.9169265118081,2.87237464476867,2.79865544900975,2.90498103209646,2.75653377147036
"Kitl",2.56253169775167,2.70016119269856,2.6638272076262,1.53864895637218,1.49917451211987,1.65612334487524,2.85242103969895,2.72852018290586,2.59544153689677,2.78853294991074,2.79538308375007,2.57505469363459
"Clec10a",2.36886460284295,2.39536066135301,2.3141384385131,1.46256411830329,1.39202466764016,1.40007948428009,2.42195565955877,2.44502670502038,2.30714802730934,2.48788735026887,2.33936467233178,2.47064688501994
"Mki67",4.26552265098861,4.28451488984559,4.21799447951774,2.87616196159745,2.83546234425799,2.90782090227702,4.44595801859764,4.42216978335118,4.30605186536686,4.27317938995172,4.30358963076946,4.30200225960311
"Mmp12",3.94113022323399,3.86666738589473,3.93818106104227,2.69069483567524,2.86272712380217,2.79098143364439,4.18462016700793,4.16756034972901,3.98485271984251,4.17864989417719,4.15786889970116,4.0646742919541
"Mmp9",1.17804300873785,1.26963298064807,1.07126955402638,2.42706502406547,2.36317283848269,2.39572696482182,0.912712145266747,1.05506249010968,1.08978093081377,1.08905719925507,1.18067911939981,1.03652104698883
"Msh6",2.46127386697909,2.43343176308725,2.40350917840879,1.13549015714173,0.9383287472999,0.970077639357639,2.74712060105263,2.614833769051,2.21526117735564,2.42092702755471,2.4880173554523,2.43253618989405
"Mthfd2",3.71314354599363,3.66924274203265,3.74876690388889,2.10825014901409,1.83902718843159,1.91252320538732,3.94976316688661,3.94330763018346,3.89222584080523,3.79682081711692,3.74255894701004,3.64135903103525
"Mx1",1.96407914301911,2.19361598854958,2.06786899393823,0.870103867043559,1.02630882323389,0.967488026718343,2.13057386430941,2.06716998697096,1.81508768276556,1.97930517599078,2.0791968375204,2.20762446657317
"Mxi1",1.65616683123914,1.62354666642428,1.5276128001309,2.97690105495513,3.13293827492649,3.05672400123715,1.85297750269707,1.66821935298113,1.55876164218678,1.53639208644579,1.49359738730808,1.75697762628479
"Myo1b",1.70120209929987,1.60846118107841,1.69738392909962,2.86217256345218,2.98140147975338,3.02175825846802,1.66627723689988,1.65357959418178,1.44750605620826,1.459123950628,1.49582411137106,1.42457204313601
"Nek2",2.68500598396126,2.67053228200038,2.78531121099877,1.36494073535613,1.35458155254732,1.35973047229286,2.80872276159715,2.86175411301887,2.64682242414899,2.71852083700121,2.65684251346388,2.78601815286851
"Nfe2",0.74547543857471,0.850395883087488,0.804362524606758,2.30894788394405,2.01740483882228,1.81101029168754,0.981672728954367,0.884335097648419,0.702208960757027,0.766975274756004,0.831288122848778,0.605906499121696
"Notch1",2.21013805886544,2.68023260350257,2.23106332540355,3.70779301597558,3.69127390349034,3.63434292513821,2.64489486183177,2.42856465472204,2.31729161204543,2.15940208621737,2.24761285788279,2.31846935891502
"Uhrf1",3.28089650277284,3.23019929735156,3.21470239941041,0.826548112972899,0.94172377563935,0.839728889903078,3.51140622871987,3.40306410898077,3.25129528591957,3.32136146186714,3.29739233540296,3.18585489349521
"Pde3b",2.0336828225555,1.88529629547554,2.00079203800474,3.88312223049782,4.02716168608688,4.04467497590335,2.10065835666951,2.16575043034165,2.29133036739338,2.03143931344479,2.06822893623249,2.00066613866158
"Pde4b",1.57806799595255,1.93576399020512,2.02083966683816,3.10650516906078,3.15276766214232,3.15365441772162,1.64283878204094,1.56626893857233,1.35419863724616,1.25651681430547,1.17619048368225,1.21847449880697
"Pde8a",1.65616683123914,1.62110642877501,1.65078158204898,2.48929984629408,2.72983494305408,2.58532027353652,1.81244259519494,1.63206889470592,1.4644585057268,1.48575309185011,1.55158223059018,1.62297587690401
"Abcb1a",0.963854084287849,1.16547692674247,1.03593886676138,3.34786400513717,3.51557643992425,3.5470081600092,1.12368549860414,1.28032975101336,0.879753419902601,0.976202640500155,0.767806024320809,1.0112109490811
"Pkib",2.67814684031126,2.51277643102387,2.6793175088613,1.32945198812824,1.51830249354367,1.58770840568498,2.8263373077357,2.74827237073994,2.58022983161986,2.80784148269832,2.73669171681436,2.59565986835595
"Serpinb2",0.771917328302767,0.862389266479171,0.874888243624591,3.59722707823389,3.6557194147841,3.60665081686282,0.624845586508142,0.620364303297076,0.670436333143756,0.677255571837388,0.54777257938122,0.575231494429002
"Plaur",3.10952155532112,3.08781089743542,3.07201412220747,4.10492238412398,4.28349232075178,4.28228274225663,3.18733570674905,3.15219792112074,2.90867556555598,2.88734240104849,2.87387686724974,3.02323952614585
"Plk1",3.20327629206798,3.21080602967627,3.22195276891793,1.91097523257572,1.52220009593303,1.42328937702073,3.38830827561096,3.33059655574922,3.18182112288517,3.19368576371516,3.19592459196747,3.19525556565992
"Pola1",2.83620483346761,2.89429889330365,2.87470674671363,1.05734518755644,1.09455476753682,1.04887296857494,2.88111755929066,2.94831340999171,2.84636358741893,2.89351750158064,2.84919423345292,2.88417151672557
"Pold1",3.16732737815286,3.28762392330921,3.08638754233028,1.99296876591422,1.86996110770129,1.90768359485819,3.19006798430093,3.375861314241,3.23616685331341,3.12743024025464,3.04817851008343,3.20159465289261
"Pold2",2.84740159246139,2.89327035332368,2.85779054787015,1.5749452709133,1.55336016923724,1.36404782775182,2.94326652161165,2.97516295986441,2.847933984028,2.76699258776166,2.73022827682507,2.6346958306723
"Pole",2.81619735665117,2.73508566595372,2.66002991538476,0.935028991138305,1.27498603755832,1.23392398706026,2.79897012317797,2.8595445481184,2.66520706243601,2.73888010873796,2.64687034991059,2.71930350037896
"Pparg",2.1640554195549,2.22865686777927,2.08746547234022,0.874756189145615,0.867739522178112,0.927468115120902,2.26001874502931,2.16594724091232,2.2230029834477,2.28460214436089,2.21479051795212,2.13309093095587
"Prim1",3.16334520024074,3.1993837056412,3.06825959375628,1.23791453216005,1.23528352560255,1.28449632288376,3.24783707564045,3.2075789842308,3.12328102738363,3.13323267902943,3.13895873021256,3.06645775771366
"Procr",2.0557037499708,2.00493390448583,1.96831263016149,3.25599592150901,3.27365071038012,3.35109475689956,2.26145853274219,1.99303323150062,2.00210048346034,2.0824723170219,1.95604755818198,1.92802869628613
"Cyth1",1.38013686123082,1.64311501188479,1.60605861984687,3.09140329875037,3.4080170697906,3.39676656888257,1.85223452144442,1.50535222373387,1.53773477238108,1.37859240689765,1.53302788654367,1.5992401115172
"Ptger4",2.64511810228472,2.89194609944757,2.61943749046018,1.23745176615278,0.948857527487796,0.934010516555082,2.87388409399177,2.66950567476176,2.54484437940659,2.4499378432529,2.50171978554502,2.727055718882
"Ptgs1",1.69448018362694,1.8614881044198,1.90847090119594,3.25194691452799,3.21887761466526,3.18377476453665,2.0358279139651,1.89889447492158,1.71446145258481,1.83766882068433,1.87474254538872,1.83111240780325
"Ptgs2",0.768834690309984,0.734141223411581,0.725752893264753,1.9093362507278,1.80986532667424,1.87123467277464,0.795781683921368,0.801070082185502,1.03520355546893,0.665308092829575,0.726745545188584,0.742120142808574
"Ptprf",0.648492789098836,0.667289227957758,0.704760490568362,2.84495917475565,2.7948469524375,2.7962095160761,0.626440184546816,0.58600128230375,0.620705026048211,0.618562113292729,0.764878969737827,0.87063166027951
"Rab20",2.29943235345658,2.27008831998534,2.16983526202141,3.03350228370937,3.04844375294639,3.09687522038991,2.21641413282774,2.09279072692829,1.94218520859403,2.00487560300471,2.06145661648773,2.04060860492592
"Kif20a",2.65492535183106,2.65885888025489,2.82905953661955,1.67473989489751,1.50239925564655,1.34814351103727,3.0424577383587,2.92054787114223,2.72937419548463,2.86584638772887,2.86319775841895,2.67187433227843
"Rad51",2.92768928552687,3.03243391395287,2.96048025513138,1.00599261284434,0.943188808973686,0.924897739142244,3.11240764966367,3.05982270078866,2.94268899402819,2.98968997820219,2.91112005383244,2.9316472235437
"Rad51ap1",2.62005020512186,2.67288426739226,2.78009559885427,0.91456143104191,0.73377671617245,0.735021738567413,2.90779314301554,2.73379034554456,2.64319424437823,2.72728892166939,2.67789773657604,2.47023962015276
"Rad54l",2.79671085365378,2.88246223517845,2.7447075372624,1.1052408976056,1.05781541587042,1.09830230561761,2.84276646701874,2.8643513923657,2.74542291958823,2.71540726802307,2.6721424172,2.72480270873625
"Rbl1",3.29150499599113,3.27506853574133,3.27045693217863,2.28653155259879,2.205323995414,2.09644567000736,3.37452017152636,3.42018548687185,3.21634279611172,3.20197144029226,3.21729129042746,3.23797591280698
"Rgs2",3.96163364368042,3.78645195148329,3.83416805647197,2.68286228145542,2.38368605875885,2.50930866213663,3.8796516585955,4.04450409366201,3.93815043942524,4.02941657696731,4.02107143952434,3.86823732523526
"Rrm1",3.60618649714394,3.65930584846017,3.53364926472385,2.41621094330319,2.11528445893371,2.22853393186746,3.69277167477938,3.70768412991724,3.55879559245898,3.59445408189452,3.53497924331691,3.56816175055416
"Rrm2",4.03230925450474,4.08501745197733,4.04569243845004,1.42656220399183,1.36602004393146,1.37176011915196,4.11198442153972,4.20838106837926,4.0490805115146,4.09231046504936,4.0371999909799,4.06478956236546
"S100a8",2.47115171047212,2.49558653767071,2.35748521201466,4.18254143626671,4.19068399528184,4.18479500926023,2.34485655477522,2.43925542104522,2.40123554235632,2.01021427067453,1.93050002980336,1.97419038661748
"Saa3",3.53871690256527,3.60988151158186,3.67283694955007,2.00633988914132,2.06009875955582,1.78884058056874,3.23389227620824,3.28063844548338,3.06374624113938,2.44305262900475,2.50857920899237,2.39101689791276
"Scd1",3.36665814981996,3.42771592117744,3.2547000078378,1.82301207868693,1.34724940216167,1.41340344110962,3.47732462505098,3.42350826659248,3.35264809139417,3.32024766721903,3.32640028346162,3.30398230409971
"Ccl3",4.19302174834161,4.17024552413339,4.14148834928381,3.00123303078311,3.13749519950523,3.11583077856565,4.27464125343991,4.28063949484929,4.08835699706272,4.14172032229047,4.15956111222913,4.16965747559405
"Ccl7",3.85743622154469,4.03032802487348,3.81652978278064,4.55584234215498,4.63402918559198,4.64285589432557,4.02477771340799,3.85258126615915,3.61620048482993,3.54824878080213,3.56008028101347,3.71750573464517
"Cxcl2",3.80286818556228,3.94394514979196,3.89427434965364,4.51203465577759,4.65786832871369,4.65058179153382,3.6947155036542,3.63379364720567,3.51116706395129,3.42166220657421,3.38607956629847,3.4216315729117
"Shcbp1",3.38770496443768,3.34888806350541,3.39115249667046,1.49295511000081,1.46043913796353,1.24274641367212,3.47405092443458,3.53136481481774,3.29471516992119,3.45202126700178,3.36913182902644,3.34629074748112
"Stil",2.10753374292249,2.14512280841991,2.10512483928171,0.749340968207795,0.996959713065219,0.98359598253987,2.26633921397371,2.35384676546631,2.05347136267553,2.09317597746693,2.12877688552675,2.01877958595571
"Slc2a3",2.5757826079634,2.69337869667921,2.70852953612194,1.07654454974046,0.820346061301436,0.938135269868721,2.81173200160369,2.75326852050067,2.68220048278302,2.83712189552412,2.79667022895731,2.70898390819708
"Slc7a5",2.88624319483624,2.81867869267083,2.91362601707145,1.17170754707533,1.11035251562823,1.39487832198518,3.12072680656307,3.04336296950146,2.86617367085945,3.05487737411976,3.06204692828444,2.94223273168048
"Slpi",2.7260220662435,2.90569688666575,2.81637356125423,4.45032085115887,4.45041536786808,4.45349679521733,2.6146352688641,2.65440588133747,2.56694094489164,2.32556600834201,2.12325689054201,2.18681283403147
"Sorl1",1.72953197683213,1.52617453193078,1.78713053957716,3.13690907684903,3.09598800833535,3.03199947148597,1.78543405300719,1.67717557628866,1.84183887705527,1.6539669331737,1.66794081306773,1.5984429588177
"Serpinb6b",2.60202893582079,2.5386584795785,2.65256921354753,1.17121828070589,1.32628470396254,1.19699953494163,2.78771879205343,2.66349075651691,2.64023079579949,2.81441614389734,2.68464434721289,2.6058065269047
"Serpinb8",2.01507175057504,2.14337462184802,2.0192530909868,3.24329695750863,3.34335652582224,3.31806521822594,2.00298891250917,1.90860673962464,1.73078679866261,1.69962581255124,1.94409538306523,1.60271445388142
"Scarb1",3.21879438701359,3.19659878099539,3.20096013501953,1.82479082827361,1.79214446781138,1.80540017639874,3.35509680441308,3.28542326471693,3.17862272823064,3.15859830599366,3.27158065682459,3.19266302176631
"Kntc1",2.67828760796864,2.76648362836919,2.70039219849649,1.18954631327425,1.50608957977817,1.51572327486895,2.79159721280829,2.88144641211067,2.71950915906617,2.7096836576668,2.70293030871394,2.71206915471308
"Plk4",2.95771649016161,2.92561378077876,3.01457385176294,1.49432826100115,1.4173048815921,1.64890930369344,3.15164364671364,3.13393566609314,2.98147780383667,2.91898031441612,3.00932173814052,2.80693181151221
"Aurkb",3.01272634632207,2.99155130788209,3.15164243482784,1.74336213497865,1.56641896606217,1.54218856587269,3.19032121526178,3.06524612142251,2.94608981111082,2.95474272882393,3.04791654095821,2.96742229591996
"Bhlhe40",2.89114777845109,2.43113559128004,2.79035764858412,3.71671698535472,3.86623433114078,3.82618110042904,2.57997850421576,2.88149941773224,2.76486054099464,2.77733910245455,2.797555588404,2.45585651395492
"Gan",1.3809302040853,1.45745320659726,1.40843981334529,2.41498012386867,2.32029168991996,2.22470303446849,1.22840391009843,1.20867838223768,1.30740168199482,1.34843821497694,1.23106415207781,1.1508449121179
"Sdc1",1.06976597335602,1.23994890084849,1.15308182795944,2.89408656537573,3.02124588934913,3.02912469922556,1.37465879480909,1.29297488306023,1.09018998677917,1.13366543523822,1.09663099467661,1.04474060249318
"Wwc1",0.980350769636314,1.02168990044057,1.25032063475436,2.54576479913884,2.29234520266578,2.28341704866955,1.14852519180102,1.24123263143565,1.15367599258016,1.03870073210829,0.913156783281705,1.21762094384491
"Mgst2",1.00798746214997,0.917379627698193,0.995683919061351,3.34786400513717,3.26180208126859,3.36112560028562,1.0864234563551,1.09165075376362,0.989197618999395,1.06242200622994,1.18321194523803,0.976743689159336
"Arap2",2.66942033369862,2.68426076590306,2.59965406259354,1.05452870222298,1.37288186266965,1.41738790007637,2.71736499833968,2.72058225640268,2.69991208069689,2.80087090047138,2.74933349709773,2.90030986165446
"Sh3bgrl2",2.82787384976386,2.84088311050287,2.87738491399156,3.83056649301467,4.04431758841288,4.04459251666844,2.96223844005958,2.90830401409187,2.71513716958623,2.64181945705145,2.64767826273636,2.50856175854934
"Tifab",2.48530623888917,2.64073401378257,2.46010030538343,3.3243961937733,3.55232791495743,3.58315806885693,2.71052425707067,2.52219321280359,2.42318160908193,2.49953447777042,2.4303487243912,2.42124916984694
"Ifitm6",3.45799164112147,3.49890438990609,3.40921940457816,5.13763053482106,5.2657756096789,5.25855262106202,3.43325844867603,3.4273302493231,3.23360410771702,3.2001702606557,3.27834014688647,3.32670464862875
"Tacc3",3.1075244848948,3.02757104849192,3.00738155495535,1.68084242370741,1.65921087237999,1.68936559679309,3.18784397611965,3.11860092994982,3.08237407062884,3.07769934888813,3.00886251583865,2.88626270079145
"Fnbp1l",3.09205352816576,3.04521635506912,3.07789629068618,1.91457005625666,1.78770908318222,1.96791852710791,3.16255257632749,3.148688235132,3.00243874889522,3.07883537167083,3.10142619263953,3.11770982216355
"Cgas",2.42845189553247,2.44843166658637,2.41755348509917,1.3332169843971,1.19154558201921,1.17188186176579,2.37443244237822,2.44032574947673,2.39053858933082,2.34759334001579,2.34234293147624,2.34237920871326
"Neurl3",1.92619617554075,1.89763135986421,1.79583055090063,2.77634199020906,3.00971492978917,2.93700650549052,1.99354475732874,1.83255006515531,1.7395731072531,1.80348650209208,1.72012177632562,1.85254487864692
"Sema6d",1.27050286282556,1.22523197793433,1.07735481272992,2.35599861954534,2.20196620995538,2.26745675858198,1.16883422730073,1.21695126167209,0.997707295253922,1.1041060205072,1.09560641881646,1.00777994924663
"Ncaph",2.938772031256,2.94223212950611,2.95179327454361,1.83252598190122,1.6018404265579,1.65885619953298,3.08250482907391,3.11504995496217,2.98407455057203,2.89727936365709,2.86879128129125,2.99366405716072
"Phlda1",0.913873330907386,1.19092329651263,1.03593886676138,2.31497076838351,2.17040623020441,2.04993336483467,1.24919247323432,1.13969948002237,1.01952966482711,0.966155306886267,1.00306772867808,1.08731327427245
"Kdm6b",2.02620262236061,1.83546518717489,1.81027837421221,3.00933536571075,3.01760652609042,3.03998736404306,2.04116294896762,1.89042911853514,1.81098982843995,1.87439925972824,1.83471239657194,2.13377110920691
"Stac2",1.57600024410959,1.62996577971241,1.87864930102972,2.7187956329753,2.65566402336188,2.6737113291873,1.6954640420365,1.5562014703155,1.46935651083244,1.6877198409254,1.38703768191891,1.74607559054903
"Nr1d1",1.32085062106196,1.23151544275121,1.3132886019139,2.32603206158389,2.46612866403468,2.43209839950468,1.30004818790651,1.4271751921371,1.4058477991414,1.36316347346735,1.19635873475483,1.2407593568835
"Mis18bp1",3.00934509165632,3.06475053862688,2.96886662019821,1.44005787533904,1.74624187133685,1.79551622637523,3.13108989291077,3.20936705609216,3.06177319542301,3.03420004804561,2.92494690181437,2.95081862832265
"Sipa1l1",1.55512457821686,1.50968424278902,1.50897990542429,2.84339881566378,2.69661184359394,2.80247981361573,1.76869665871873,1.67558072196519,1.63719035188624,1.34507219881569,1.55879619802727,1.54691588660511
"Tgfbi",3.53013427639899,3.59008163551179,3.53482084823056,4.76889965782222,4.85481010366533,4.87643753193126,3.71826322772026,3.62802057279246,3.5493854255393,3.5203308304019,3.51769933322842,3.66429301188699
"Tgm2",2.96612336069423,2.93924098261243,3.05616333747983,4.51235690610399,4.67414344166166,4.65490348238119,2.97765636271011,2.87333130615419,2.75229770534993,2.73893072805302,2.7159030372096,2.79237315041169
"Timeless",2.36078183078347,2.48836974431103,2.3790373843212,0.920152214622395,0.938842971327515,0.808963944681623,2.54994240948054,2.62871229214218,2.35675932368034,2.24973937444454,2.18903518727277,2.28972651758359
"Tk1",3.37268112647342,3.44293206072602,3.42141804949682,1.27651695086819,1.40951984879788,1.23078305580973,3.56405701844637,3.50785507230523,3.3972077358122,3.38060940248172,3.35080001142857,3.36355672189312
"Dlgap5",2.96011279003556,2.86540018928435,2.82450915413878,1.73807575666677,1.6867409992417,1.73529770922605,3.00181876921616,2.92871186743588,2.95836866464227,2.78508935087096,2.81963514766656,2.87728535071228
"Tmpo",3.9229142948091,3.95700199681506,3.95703993926258,2.42400876406643,2.48855108842064,2.47775933400551,4.17600013046988,4.12447169216022,3.95157341755358,3.97595981392487,3.94631666060047,3.93595388373669
"Top2a",4.10873343261565,4.11584332348163,4.07868077386745,2.26938996634342,2.38128391744815,2.46862152518367,4.27183300388472,4.21648066239291,4.11970557243315,4.12485558742451,4.12337102128241,4.12175458565024
"Ttk",2.96066604644267,3.04456826613949,2.95551655783145,1.14100862245892,0.946498382254339,1.0253013528121,3.14370051142601,3.12888108882487,2.9890726883278,2.96735889165547,2.94068380969538,2.98999440408153
"Ugcg",1.51008888088788,1.78518278042791,1.8372684467585,2.76536877172772,2.91329635938912,2.83653354965059,1.90297413176608,1.91688438399722,1.60750362451289,1.81661422910886,1.92130501285011,1.59071230610722
"Ung",2.00861783899735,2.1245813409124,2.16094903154562,1.06931474753585,1.1322327629988,0.693555359832628,2.21656694177235,2.13727511069755,2.05921254902287,2.06329972636547,2.02478220667018,1.97659854936485
"Upp1",1.00355341737652,0.966507502755633,1.0723616116706,2.3914262576115,2.16604906111356,2.31777212437785,1.12452340389273,1.07106395192405,0.891819647979616,0.988300009785238,0.92590656702099,0.736361942942255
"Vegfa",1.55244561209885,1.30905948930148,1.43298554440401,2.68891705182222,2.77022987278012,2.7509928771855,1.4240737351379,1.47577869111751,1.42510542706845,1.3615302301758,1.27014624313537,1.28242038388109
"Gramd4",1.25645518987481,1.24068940305204,1.09631907473099,2.12808349767641,2.3390371445487,2.32574738665056,1.24897142969978,1.26751276317307,1.07717804088444,1.08491904766723,1.31781530177518,1.12661137578724
"Fam43a",1.32085062106196,1.26148570743785,1.33270468268704,2.49796627427838,2.51910515020198,2.56743337903693,1.13683268605879,1.49891873151551,1.09723673330943,1.14145085256924,1.19910484732029,1.31085914005078
"Cip2a",2.42121927805395,2.45741408522426,2.42310070622764,1.23171708682362,1.22284541193144,1.55902491503756,2.57613200616963,2.60504866726668,2.32154069280789,2.53416350689774,2.52150434041621,2.47901180821432
"Haus1",3.17814035374962,3.16443341301396,3.14071025395175,1.92948755215398,1.92231072921395,1.96520509901407,3.18481736171962,3.29873916672415,3.15433069171473,3.07901988225465,3.1050199548966,3.16961978289607
"Atrnl1",1.564023664924,1.87830677446439,1.79432414303361,2.68157054485963,2.52941742643575,2.60401969441288,1.69771777324956,1.70274997492463,1.60677596971314,1.59057673306634,1.63343259965298,1.29541789932531
"Zranb3",3.25293372041875,3.29342068790945,3.27831950934118,1.83723908265676,1.74358695300174,1.61214871944288,3.31835811461817,3.35050211731017,3.14356098602014,3.29117809721339,3.18010015165399,3.20894401235194
"Cytip",2.45645040602966,2.50462146453313,2.54385434389611,4.28898666392975,4.3939446548278,4.40843900279925,2.75629025720326,2.54913937193149,2.46224047245742,2.6232000492051,2.60222994536413,2.67156304627685
"Cenpe",2.99315315633503,2.97143420876392,2.97405164979954,1.33632801037846,1.21592141848784,1.05065815001604,3.10693893713654,3.0401823671916,3.02788373397969,3.02371569248622,2.93283967989942,2.91147722241764
"Usp1",2.88968954472693,2.85776119599267,2.88301698148886,1.74046811727982,1.79240483376251,1.83608914853854,3.05747250875551,2.96290557143997,2.80962875141624,2.84597873775124,2.90424481617367,2.87209506417578
"Samd11",0.90722897254904,1.17926578518823,1.17229773546665,2.68819325641174,2.24096394211935,2.33443035458802,0.927073710514318,0.978491399742228,0.857694769942882,1.00704978145506,0.938769246474337,0.969125595656669
"Sel1l3",1.76218732992623,1.67585958059081,1.83053082895398,2.93244746995141,3.17862688581797,3.20871661771589,1.93246518175133,1.66857563556315,1.63942720962851,1.72908273075183,1.77363831231946,1.69583680099076
"Tmem119",1.23887504431993,1.07781135980449,1.02441582365744,2.20922883124586,1.87531263250315,2.16422095465519,0.987878918935876,0.810310125906268,1.12498293343324,1.01519823137849,1.09228395825801,1.03993280189255
"Pilra",2.72122282496005,2.86105113047187,2.77979059430886,3.62485121862764,3.60952743792062,3.65111046798406,2.61929245574183,2.64639528940556,2.3725387317851,2.24742469338023,2.24587695943661,2.22802672762653
"Prc1",3.39907904116417,3.36992243104408,3.38314003529998,1.9148098987433,1.94627323184387,1.97213697044703,3.54900335299032,3.50669117816866,3.44278164996958,3.33859342280189,3.4285942233312,3.34937283971568
"Hirip3",2.76803991418446,2.79512967683813,2.77206704868446,1.22044087919648,1.40375066349877,1.42192051848847,2.94642238218356,2.97810281876665,2.79623108374497,2.83018337929598,2.8577792184555,2.73467720068281
"Dmxl2",2.0557037499708,2.11608610490021,2.36512590866488,3.55418660946085,3.68579773377702,3.72159133727938,2.22099156165911,2.22757479806801,2.0001810301253,2.04948573439544,1.98038370384746,2.06646709295532
"Cd109",2.27585250253088,2.29092118830875,2.04426059775838,1.34838763385781,1.40643702790377,1.40199463806521,2.46171316525167,2.46553504171517,2.31467802181529,2.48018080746986,2.48414678196215,2.36022951529279
"Phgdh",2.93829127269294,2.94210618594211,2.87775650948149,0.887593296045029,1.00627983538623,0.951626427442155,3.12338781884822,3.2437293413623,3.15268796868127,3.16692136017953,3.13548816882028,3.04096997803515
"Ints6l",2.71424073422694,2.67156772967773,2.77826090177805,1.36845858882231,1.82745129268328,1.68012458315443,2.71809819522368,2.88778128776034,2.81586184627788,2.63653215411909,2.68156787812977,2.7162755549945
"Ercc6l",2.74948646397819,2.76767982790329,2.87240397950955,1.49633628397445,1.50410069144781,1.47283844537105,2.94991398172249,2.8640974832574,2.74923899320135,2.8755149578657,2.75758339060442,2.82910168310508
"Slfn9",2.81449431975815,2.81771137621669,2.70992280850551,1.51352712360188,1.16598366187387,1.40533699043114,2.85120284434898,2.8313815446669,2.80946025335596,2.7456932761049,2.7898827776528,2.74183276464999
"Dock4",1.29724611787439,1.27170320577831,1.344464519071,2.39031147427664,2.51332476724205,2.46525839386782,1.44462445680949,1.4662236771545,0.981099215653667,1.23420917813887,1.28916522521873,1.28117385460891
"Cdc6",2.32585032776194,2.35368113409924,2.29660646292303,0.93151412609722,1.13680265922226,1.14815167628868,2.50151637739051,2.43533882664751,2.21375567920954,2.35588152478713,2.18926570894178,2.27817045602251
"Nt5e",1.29454997056836,1.07576059978464,1.20740148485421,2.47322471131716,2.66433871251334,2.72028860335729,1.17824232416643,0.994714417323083,1.33191945628814,1.13571428051548,1.02822046125153,1.05933233669843
"Rasgrp3",2.76845465338364,2.79688114350565,2.68435939295891,1.02014186809008,0.914528007009263,0.938405287280922,2.88562955876261,2.87710541290227,2.71802221598747,2.88623782197,2.90424481617367,2.9505900406212
"Kif20b",2.2161940749121,2.13076823143883,2.21730983031569,0.629387507018106,0.567101642602605,1.04940033140494,2.32342122989028,2.41210865359513,2.20002425440641,2.21371603747702,2.21936233248035,2.1186393200181
"Tlr2",3.81350552627194,3.75571241022715,3.76396232436618,4.33375270484829,4.47539321655499,4.48904694392879,3.70484095652996,3.7290045780888,3.6028359139995,3.3998219849547,3.4292400004592,3.36474141849105
"Rundc3b",0.869872836998859,1.02403191779298,0.955515682600762,2.20492233684029,2.1421815234683,2.04830352180815,1.09766173486715,0.936284070953964,0.855390338051328,1.00529559385494,1.2690899085753,1.08498468049928
"Sipa1l2",1.80201288309008,1.87309649105676,1.65548397913307,3.17332269555255,3.13204483635717,3.0942602539477,1.90662647014078,1.98356085486012,1.66996347706083,1.80911809224023,1.82305297765047,1.68397720470159
"Angptl2",2.57463990826426,2.67736110025373,2.63918211547977,1.93682011329202,1.78116275964019,1.72603015672924,2.86453156551359,2.78824701842905,2.70137614079382,2.87669024558302,2.79426470226267,2.83254974497006
"Ceacam1",2.71111203427816,2.57093279907502,2.593164947378,3.61516261744142,3.72474177205476,3.72224015134193,2.59623050441638,2.63175016853118,2.19909457327999,2.38438541094482,2.40061878050395,2.49322449139684
"Slc7a11",1.25273959039299,1.05595167187098,1.08149178076014,2.59568664086152,2.56891633453469,2.54065605342024,1.22427952357098,1,1.02084551140135,1.1983451561929,1.04906271551242,1.24676790753355
"Eme1",2.24226735347481,2.18480556876397,2.15070562051102,1.32225786505412,1.0587421156578,0.809171830849922,2.25405401625822,2.33528639666976,2.18781452975766,2.17237935390674,2.02947404567209,2.14959439231949
"Cenph",2.09362716041222,2.23906301761849,2.10586588413493,0.883409947009926,1.06090427713071,0.915684616257049,2.36815384147501,2.23064303750472,2.03935709430727,2.05899354382863,2.03447739460447,2.05995736281636
"Clec4a2",2.19419399814391,2.01866400913043,1.93743238318595,3.15881860960363,3.17338342407858,3.24668152968671,1.85700160683953,1.98130922439105,1.6310181878795,1.6879529494365,1.79775669920223,1.61506025682838
"Pkmyt1",2.68129676360516,2.67600196610486,2.64234803508843,1.21517745688005,1.19609828481029,1.49730223352749,2.63652566119084,2.66852516145175,2.64220036091,2.55453227516371,2.53602775130615,2.5823879784538
"Racgap1",2.9284613270739,2.91224920825518,2.95593043468601,0.909574168433704,1.03643108422951,1,3.08745454486605,3.08425157502675,2.94755142677685,2.98372727408738,2.92826727225536,2.94084423667131
"Slc4a11",1.55255810367177,1.3351435075632,1.47143690576032,3.33163149712546,3.3329763819629,3.3991280031841,1.40321798222226,1.36583283347759,1.4905733261069,1.54892142753472,1.4354094577541,1.59172926358358
"Tox2",3.17602934897175,3.15951444175812,3.16412716529402,2.11829704264316,2.49131965786752,2.56565619757742,3.2890405326991,3.26847828047039,3.19073078480638,3.38587189016936,3.48571498211782,3.34559120846813
"Clspn",2.88399773402273,2.88904775671262,2.93249964407286,1.21194454260587,0.885752485622322,1.16274516831891,2.97775609141843,2.91820697114413,2.78720080116896,2.90746579841476,2.86805513453372,2.88310727563337
"Lpcat2",2.82844273096451,2.84242333014589,2.74614910416955,3.53210923439257,3.65032273523121,3.68971768823591,2.81685946166891,2.76786983885787,2.63622636065232,2.45366062912731,2.42864816418425,2.19613318620259
"Asns",3.1989697247501,3.15969102540325,3.19866463280217,1.54293276224563,1.83074943699913,1.4850906328455,3.33837223292736,3.39739343673107,3.29593388875265,3.33105487767409,3.30646792384076,3.18776988134906
"Pla2g7",3.81752166771619,3.77721007542258,3.87490809315097,4.95274446438431,5.07669590301745,5.08732109945476,3.72348129246459,3.66800447610288,3.49436140133093,3.38617093005548,3.40716030333984,3.34930899930056
"Gins2",2.72295583456916,2.86618450157192,2.79826207187948,1.19086488026285,1.14452339196074,1.28238955817965,2.95975206185849,2.90293882645845,2.66038305388038,2.76179509396627,2.71731764594636,2.71312709901385
"Pald1",1.39790879413828,1.66298527868297,1.49685357429567,2.38362893404348,2.47023743470504,2.49731284161202,1.58286974272918,1.25104692582109,1.52220204314945,1.45866593895693,1.25461400948493,1.50276641830212
"Pdlim4",2.90711686746016,3.05320220858158,3.01255110546326,1.75826743789144,1.84238855665162,1.96962101377517,3.13715869835202,3.09371314339286,2.99033607336438,2.94769508095033,2.97686814902922,3.0445994273277
"Pttg1",3.74034402543767,3.73852760743367,3.7887075431888,2.56091953166579,2.55231660164463,2.56477062763444,3.8979048499321,3.93381726746956,3.73124829873909,3.74729706427763,3.7631859930758,3.69484956646052
"Nrcam",2.25822111337677,2.24371328416552,2.12853973654466,1.32855965595466,0.989018146283725,0.977639898838994,2.37416462770948,2.3904094674808,2.15031764454077,2.45649187602803,2.43354609909453,2.48953204028826
"Cass4",2.06863270187065,2.23631418069816,2.08189327281451,3.38442874444255,3.45230924955946,3.4347164137225,2.21607773739993,2.08926221508167,1.98137942373517,2.01459704393649,2.02460915991501,2.17743447585356
"Kdm7a",1.59477989776243,1.33239848367658,1.20345645548491,2.49097388064412,2.65048779561238,2.68007969532298,1.95202690500562,1.44608896821417,1.029925567583,1.40437038793572,1.45585239678087,1.58963157036907
"Zfp703",3.12511701124933,3.36850871841122,3.220685957834,4.23730134620932,4.25190672506531,4.2193474430374,3.2874014630783,3.2624995536791,3.15069011787861,3.17071389248937,3.17404774520012,3.30095050709229
"Gpr176",2.24375286165755,1.9913752586051,2.06159302790322,1.18230827606478,1.21309724003619,1.02842721644104,2.36961713426575,2.40075945830211,2.2214340148761,2.37234751761974,2.33125356887733,2.3713746185722
"Flrt2",1.13671451757944,1.0457439833093,1.01261233156786,2.23313558336572,2.20966811494206,2.22548114320992,1.2451432034688,0.970141913678569,0.902291614454537,1.22353074605849,1.18895928265827,0.951668799224289
"Knstrn",3.22891754851215,3.22982966189337,3.14329706020806,2.01456920515014,1.64131988601067,1.61220656731321,3.34697129326454,3.39122893084044,3.24577260579048,3.23536593440818,3.26928792778094,3.22141332290978
"Pbk",3.56155951214508,3.6281566499077,3.58845751390385,1.28167952088262,1.32960859995797,1.26375697049307,3.77172905133122,3.67486635469268,3.56528231468876,3.59482752235207,3.59440670205693,3.56859009858389
"Cdca8",3.0331360413009,2.98616000476338,2.91949248049849,1.73807575666677,1.71491556594,1.64144217200646,3.13180388855915,3.15432365637005,2.96913003289642,3.05379241942684,2.98525218146096,3.00073652071456
"E2f7",2.35630523426077,2.25165623997631,2.3255792366283,0.77202920277344,0.735798685382173,0.69688844570451,2.42736522225389,2.40425811962727,2.16328362806971,2.36216197755911,2.18905972009745,2.32710936426774
"Lair1",3.04681139464604,3.05736810639688,3.03228120622989,1.94421027456844,2.11569538368269,2.06112282323257,3.1133746964007,3.14516081398406,2.96269111224296,3.10013596166995,3.06248292574312,3.1162659259371
"Nap1l1",2.61188270226189,2.59772411387528,2.6331195760677,1.48609652110591,1.62979855692908,1.71263595581182,2.7124805373679,2.80103787764163,2.57394271577727,2.69545746993011,2.72822311847678,2.69268776302894
"Slc5a3",0.849252633723242,1.01539456416585,1.00575776988232,2.49219867260147,2.02456708320444,2.06299893889369,1.23079853699578,1.29683234680716,1.24993845297425,1.10259666470665,1.02604088231746,1.0876216272961
"Cks1b",3.67084063589285,3.69080510295511,3.7364918297845,2.30669562253324,2.23703818190098,2.32299791913771,3.88233059264801,3.79140729620365,3.61734688100491,3.67442069623185,3.65565102097545,3.6759563397349
"Spag5",2.4228810857052,2.49111091226197,2.43183564240163,1.04269432012056,1.15605605101687,1.00879941593058,2.60254629571405,2.55383250585758,2.49599541390098,2.52274228611909,2.46307440160071,2.41702278491598
"Ncapg",2.6266200661874,2.65126666205156,2.65568776058039,0.868767071473848,0.866142873449718,0.880819404447188,2.79303672513732,2.73044974556786,2.63170092214027,2.63056574808834,2.5818661849323,2.67939230383109
"Mefv",1.31274362125505,1.22439244410958,1.02422668182574,2.3475001723825,2.60677251883882,2.54410695782738,0.889062929647889,1.08038925929971,1.09499604642974,0.816760419847166,1.0758496735928,0.96518204039067
"Prdx5",3.61690628920644,3.64894365886194,3.66920631772474,4.47850970741675,4.62153794943387,4.60490096724253,3.63515318204124,3.62570798087436,3.53622849710377,3.41772105139534,3.42361789433062,3.44827192863027
"Ramp3",0.963147242074006,0.88117000859264,0.94112084792852,2.744585277738,2.76250055484164,2.69910313581814,1.01001359176364,0.958740278293435,0.873961041331916,1.08227989012829,0.826425529020133,1.00290622891952
"Mad2l1",3.70601089382207,3.73483318916167,3.71169430639444,2.11477021625991,2.43626194309731,2.22721985380168,3.81950620538613,3.85554438276401,3.75128509019357,3.68042842756755,3.67286594129671,3.66392742553543
"Nupr1",2.58480454144845,2.6454477052043,2.53543255772869,1.31779348895582,1.35453962821119,1.24868773398919,2.57919687759168,2.65482777165736,2.55252069735793,2.63365353438899,2.49412810328075,2.49579638767207
"Clip1",2.22491289034989,2.04377116429145,2.03301845507987,1.15524482573444,0.970100936199765,0.89338137762852,1.83555014000078,2.14427026945618,2.12203897577627,2.26173771094128,2.02978736384787,1.90948742738213
"Aldh18a1",2.51940408397039,2.37224372482766,2.58857365405996,1.31174637615965,1.40448556328299,1.28502325879946,2.69916544721884,2.68200106939237,2.57763971640417,2.60278146124172,2.67865842610668,2.50193881706347
"Fads2",2.96729688118758,3.03012491158996,2.98538257357132,1.24675895460181,1.15161181656029,1.34801951156794,3.14622707772986,3.10504801177769,2.95888483378002,2.97640442986104,2.93400570346343,2.98711391888251
"Clec4n",3.75521222015007,3.77964044466035,3.84854435351046,4.6339935388597,4.77132787276553,4.75816690864521,3.61630533177316,3.5659279962806,3.33341810861475,3.15317574074778,3.17516748393741,3.11671992398648
"Pf4",4.6338996065353,4.68289813953205,4.63346762899634,5.53351273245089,5.6377821656589,5.65169147235168,4.45425194927013,4.45667830053302,4.33182681895081,4.30615804295728,4.31209608240375,4.29740047374491
"Isy1",1.26593983506771,1.60677247192129,1.42586290375516,2.31906223612325,2.43782066875436,2.39237165879619,1.3563904500885,1.38185803828984,1.31152880637877,1.31086387601099,1.40147458838066,1.23085880715378
"Rsad2",3.51442787340785,3.59546407936919,3.42813075516612,2.26596599680428,2.20543280678405,2.14408408876389,3.5128777767232,3.56915311835264,3.36817063031616,3.5152326085195,3.40315440753539,3.44447195555867
"Rad18",2.34209557173366,2.41476348425526,2.37764683487754,1.18674081351942,1.17424465895947,1.05102338845677,2.36294047037683,2.36379491430286,2.2141052992379,2.28587022242937,2.15902693088721,2.52759065469138
"Slc43a3",2.46570118037015,2.41963726350625,2.42910720608732,1.27598724499861,1.19092825228302,1.10270817071773,2.54674440693809,2.61773781384349,2.49262696833671,2.41629693664259,2.33540950451171,2.38517350984628
"Trem1",0.963854084287849,0.830952449636427,0.726701043153701,3.29324501350324,3.53732510326401,3.55781843557105,0.761775931532936,0.777937757398688,0.675896021842768,0.768871313671188,0.757091886125813,0.696137872657764
"Trem3",1.5588279723143,1.52920524637819,1.26066608500628,2.98782377492709,2.85734160270604,2.91554208330892,1.62778604406604,1.59369027762209,1.55221592203938,1.40149623883842,1.42685452600654,1.48728091357671
"Mmp19",1.10285462876731,1.02116353733246,0.870897781392805,2.56148297421343,2.57446093396186,2.48987107943054,1.19786209765666,1.17836529562183,0.915774368102708,0.920079189682156,0.900045366113034,1.12020040540451
"Nectin3",0.93556809527372,0.811647489514439,1.09609620553214,2.01821769391522,2.06553277215888,2.06112282323257,1.15884952514487,1.15021468276014,0.883202193045816,0.882141076504579,0.790576536998911,0.685721364601763
"Cenpk",2.62867374868056,2.67185262178477,2.56233943473613,1.37222619285863,1.04649119159191,1.36219822837638,2.71224679078381,2.69111543136495,2.51825990519514,2.33274042984143,2.53698285160529,2.53609863554373
"Acss2",3.01501962324419,3.01796511613872,3.0740761995435,1.38156112680715,1.22910152395837,1.23289221859456,3.07603545067834,3.05729523928633,3.06007528995068,2.91099803854124,2.85520934040594,2.84008039250581
"Fignl1",2.65162359830917,2.61541193060615,2.70573654201063,1.1780257611795,1.04529061368265,1.47020485810436,2.75421399487944,2.70773563637518,2.53654325031609,2.63155523071598,2.62747615195053,2.50557676158602
"Tipin",3.66567369332159,3.69646273925588,3.64425700330609,2.30226155480627,2.35827963516323,2.28566852554758,3.7393645187878,3.79090099708765,3.61612268740181,3.62399755609084,3.59756957703143,3.60085499720181
"Cks2",3.59802490135725,3.62365564940083,3.6815769931432,2.57639493505267,2.51073279789262,2.54310232344634,3.71903453472258,3.77236522857912,3.61146383288731,3.69527878486037,3.616577668428,3.64533900485599
"Cenpw",2.59559931474071,2.71180326073596,2.78264822010648,1.56439761524538,1.3442066777142,1.38179615028294,2.78527328023326,2.77495615337833,2.54717677295012,2.61688671322699,2.5735525186828,2.62774485380442
"Cenpp",1.72651581742041,1.61345880836945,1.83996837896416,0.568377412746692,0.455564268424674,0.535804559952116,1.73885830606909,1.94887163910491,1.68904417481846,1.72186048717293,1.77865319100674,1.64405933655889
"Arrdc4",1.71371028275459,1.58331919951046,1.51434867483439,2.88306512564422,2.92280781714514,2.99768383137362,1.59744016286713,1.57095052947338,1.22384193521165,1.38068086177232,1.39974570641897,1.2724323933639
"Pcp4l1",2.40577866150983,2.4103005792871,2.48516951544148,0.943708678139535,0.773085325783884,0.844711373930377,2.50031106302297,2.4685610040568,2.34950402857308,2.54297727435919,2.52150434041621,2.5605711274103
"Spc25",3.21241979926299,3.19247681148293,3.25005357594011,1.44879561955437,1.62288203234974,1.55783405523701,3.39749286066895,3.35614959458579,3.16875790846694,3.24046326301973,3.24477781299885,3.21690783563015
"Ska1",2.48304462608558,2.51540425810926,2.41265960556103,0.974793460638141,1.11291168587751,0.959684697068493,2.7832030991411,2.79194698830203,2.41535854473742,2.551446855389,2.51509995808836,2.56496194980266
"Abi3",1.77214185270678,1.73668349534479,1.64903356093602,2.80837679863178,2.75554597928771,2.81833318914834,1.84397930304999,2.01821091827712,1.75517705749884,1.75150905309155,1.85133600693749,1.66821467646803
"Plbd1",2.6385592505472,2.70124633470646,2.553016930367,3.96798901969422,4.10106082752488,4.06654988306329,2.67878726613228,2.72044425603231,2.60575353774113,2.37800745473645,2.37285848144391,2.41229225126208
"Asf1b",3.46780006723358,3.5118687836134,3.52573655295578,1.68054140996933,1.85312637094928,1.90835818620301,3.71701264325441,3.55980162983234,3.47999628113043,3.49059345558146,3.38957835848842,3.48016037442295
"Trim59",2.41210612055146,2.31805634159949,2.47234775585361,1.70525280784316,1.3502559157753,1.34815902765494,2.60764121588104,2.61823908640924,2.3736849367387,2.58861990942339,2.5524402275949,2.51109322078809
"Nuf2",2.83732788713283,2.88901155267506,2.77077346822198,1.23244570564867,1.16839584726579,1.16546796988073,2.97062773014599,2.97810928369705,2.83027881949875,2.86308162604059,2.85844508761919,2.83353257885627
"Ndc80",2.58317626711034,2.53960563972348,2.57272073703012,0.940544111731048,1.08789375642558,1.23743427328501,2.6785382745312,2.68718348354771,2.67407200069149,2.58812530645008,2.57545998346324,2.56062719018384
"Gatm",2.84530349282742,2.7977128296027,2.80043335140465,1.71901192388297,1.83348282373876,1.77992282791725,3.13558144998046,3.02158839534499,2.92409595882251,2.86513008672173,3.02297139418874,2.79913367205799
"Mastl",1.97374079694764,1.94258840957423,1.74990963195524,0.822728082303166,0.888288890561606,0.814894869389907,2.0963771967367,2.21342069777535,1.82891339948903,1.93910293783617,1.97595596388195,1.84704403546874
"Fbxo5",3.2811127508091,3.30659511642165,3.34649343774915,1.71112835246596,1.59878163383469,1.8598133797878,3.45866145262004,3.42355427530667,3.32508682306533,3.3036370220326,3.259851889303,3.1642648211146
"Ube2t",2.41372618792732,2.41777661460626,2.5252404153812,0.743359956585352,0.765332049751763,0.908647791130716,2.62434582688624,2.4495731173631,2.32494763038755,2.42497046913856,2.40963177485085,2.33050635116381
"Pdlim7",1.26162067112761,1.11862766799717,1.05531790611306,2.57897051568797,2.65025871303428,2.62122269328923,1.32376840698352,1.48609891943184,1.11640032365,1.34489256770604,1.36638978963184,1.44006779421438
"Gpalpp1",2.05187475616922,1.67377859802446,1.73440164781874,2.80144053886372,3.04408905518173,3.06830421479312,2.1472087367798,1.98356085486012,1.77791716863711,1.89400051485203,1.96180449251958,1.97141473054142
"Spc24",2.67032058526198,2.65766816597878,2.48035069217819,1.58716270826432,1.60271381763897,1.3924003812965,2.68427238630045,2.62498422814703,2.53403313722622,2.59517329518329,2.47741667482071,2.66031726684691
"6230424C14Rik",0.696880005592143,0.755728986126743,0.906952302547729,3.44739432615807,3.49527732872395,3.46103725409866,0.997427122666296,0.852786887902359,0.853451126272974,0.686307099568968,0.761072226312392,0.928905917069896
"Cdca5",3.31603447954013,3.37038352782866,3.27005910884721,1.53517462539862,1.49355077438874,1.76485586927109,3.46374826932646,3.40152736560449,3.37316439070376,3.32329480755696,3.24662947278023,3.27028446848816
"Zwilch",2.37574170825512,2.26857908892773,2.28596456450672,1.00704791376764,0.870866542224179,0.867767805207268,2.47158756841997,2.49513986031553,2.27601986895796,2.43737548156812,2.26157242453317,2.37485085331694
"Pclaf",4.44829855696142,4.48320209594955,4.49467732654926,2.52269936104014,2.5497261313606,2.55775343565927,4.61111894150424,4.55725731623312,4.40762315822016,4.45317334203746,4.42010778556638,4.42280892647052
"Fam92a",2.56142488782489,2.53626964757257,2.54017329954615,1.16676429746838,1.19092825228302,1.32172599861463,2.7622816414822,2.64703392727593,2.47552139429721,2.5746410949583,2.59326498960976,2.37272246530426
"Cgnl1",1.83328907623716,1.80687274998835,1.82696907101421,3.16377390174697,3.11855362605561,3.2095827223292,1.92817915799679,1.88036088732413,1.95380530354005,1.69501651597654,1.7225409555803,1.6090950439995
"Ncapd2",2.86296464600576,2.84219436555213,2.85607171112411,1.04037146701778,1.26621586788877,1.2186561289193,2.94232682659938,2.93732229063636,2.80552361654865,2.80833338874481,2.82056269602985,2.83879761371711
"Sgo2a",2.3382950370379,2.27878901506663,2.43687595909266,1.34759810599091,1.19067563550522,0.886838195971637,2.64739178170709,2.55106801700615,2.36081569945176,2.47802330166549,2.50248776869496,2.33684545487655
"Ube2c",4.16871845160087,4.18139940420841,4.16955052840975,3.10121173735882,3.08632195768329,3.08204335216769,4.37759895177195,4.33136779884872,4.17141136882516,4.2214062865214,4.16706556856728,4.1776283895312
"Ifitm1",3.56193726249308,3.6457284496421,3.64142166109143,5.48474605768247,5.69591796057177,5.70518344275033,3.62002673767696,3.38274462557036,3.31213834759611,3.16642329726731,3.05630989175131,3.14837922458119
"Anln",3.69158773238189,3.64234933240897,3.69058443210442,1.66934632683559,1.74481779399826,1.88917048429349,3.85052395965612,3.79042322438588,3.59512066789731,3.67618824486288,3.70449509229502,3.72471699694137
"Chac1",3.28856961887268,2.90956139941828,3.19203249602626,1.21840680768298,1.0638426976954,1.10351464521613,3.21783641475801,3.5309853606025,3.39376122388531,3.50912813961188,3.46673826664353,3.20296532166784
"Gins1",2.91807834942716,2.96324230985514,2.92706812691527,1,0.972007762093026,0.9935684068737,2.93399129260327,2.97153371667043,2.88879945092487,2.86584638772887,2.75421878660792,2.86267304987633
"Avpi1",2.29587571157676,2.19999742054157,2.14999555338956,3.21334856221768,3.26873889493122,3.20586278977336,2.35613205761987,2.36920849725283,2.06344613991182,1.97858800690884,2.05581706792158,2.06544380337314
"Hilpda",1.43507851603268,1.63523395840468,1.40151607172947,3.73644292456497,3.8841830827384,3.90145864052527,1.59569659234929,1.50928233297255,1.24993845297425,1.37237737349818,1.33492547225037,1.53599384644375
"Lrr1",2.76950035652463,2.68023260350257,2.78182351349677,0.791131844486294,0.989509772598722,0.947863535529845,2.8604980183233,2.78065946586785,2.60671760292026,2.6839690370571,2.74729681360073,2.70606651992988
"Trip13",2.72944009536399,2.77972235695672,2.72547014894375,1.16919369793161,1.08415855932215,0.844953150224954,2.8639132066023,2.81862128385564,2.76876099975361,2.7427410568472,2.7121701409689,2.73226870974704
"Ttc39b",1.32085062106196,1.47504379406728,1.53012853250731,2.57847861241668,2.50060545801049,2.53681531834532,1.55863091041828,1.58648070928857,1.3102454759164,1.26544928125115,1.39309891689247,1.45766320339999
"Mcm10",2.53548281274708,2.63310401656189,2.69128566397234,0.986492893640241,1.01672236761313,1.02663797048129,2.79398500116841,2.79225410531931,2.52871374143439,2.61240054873756,2.53356877928496,2.58499172265979
"Kif18b",2.47311914570223,2.52198374953013,2.3378528539217,1.09823819469283,1.08500529065951,0.912811224843608,2.65232099934145,2.43417019674883,2.43891611501627,2.52763437921735,2.48069427223024,2.50193881706347
"Spdl1",3.37643301694841,3.29224639937597,3.40722312733279,2.09239857899217,2.3349828386145,2.28704550428443,3.39464838310828,3.44388693268432,3.364567201468,3.41831835817214,3.38994099481415,3.24472379048857
"Taf15",2.10240196231662,2.0888995044942,2.16239068235288,0.99809785286314,1.21382724372285,1.01591357879224,2.03806703965288,2.17452511675013,1.88601189163071,2.10589956099037,2.08486013488031,2.2066839506285
"Atad2",3.2062414893055,3.16793175726593,3.17041891885069,1.83184965406747,1.5139203401928,1.57691333219819,3.30092763591488,3.30177227574363,3.14855837207809,3.17659687443942,3.19276305055612,3.17466815784431
"Fmnl2",1.93041674231787,1.93758419730413,2.07110896111361,3.15881860960363,3.11068320729976,3.16100206836106,1.96393536113573,2.01269574620339,1.83159472023668,1.9125134295059,1.78810388446732,1.78467636514431
"Flrt3",0.836254062881292,1.08658966840257,0.926155357606977,2.37211259783946,2.48460546791344,2.69326765737249,1.01612571343543,0.919857089316835,0.927799495358403,0.936988137889446,0.840682866347491,0.774709315590378
"Clmp",1.14456517056223,1.16404822892054,1.09633397653445,3.24470167204748,3.28368413741667,3.27375229608071,0.996161785286632,1.15841635654176,1.02868271011413,0.965830359293277,1.27968532317207,1.18521483568885
"Syce2",3.13087434882361,3.10025668900495,3.00650099995201,1.86937207925567,1.52101055641807,1.52304446761675,3.15405299452598,3.17711201330689,3.01058437120435,3.03959835949055,3.03030065159502,2.95809958757264
"Esco2",1.63921021895953,1.68699125268809,1.87797007101198,0.521239979862495,0.583178756894825,0.523765401736628,1.86140574602241,1.85570423552305,1.55326606038755,1.9392878178034,1.90713393029276,1.69626972246961
"Sulf2",1.93985878727274,1.98272205269198,2.00137168383675,3.30544395767551,3.43458968835113,3.4028692485781,2.09657133701489,2.16770834095761,1.85368445450288,1.93164192471944,2.03862685902298,1.98994155067988
"Dscc1",2.08564458089138,2.10743366359592,2.2077476586111,0.762236684919654,0.811158273769059,0.676847382819173,2.16998132949887,2.17951166029047,1.82045435827832,2.1480231943066,2.07197433196299,1.89401829346688
"Tpx2",3.3892118067291,3.31756728415675,3.32073126570438,2.07328287360614,2.11672084487828,1.92987595353574,3.47465715676004,3.48525667102188,3.29077283320969,3.37429776462147,3.43297259445716,3.37588023816308
"Rfc5",3.05228209655233,3.06197966056989,3.14516386433056,1.88264814697083,1.44900138116555,1.64266707944995,3.20476646423,3.18605779060953,3.07726095513285,3.05109633643247,3.07795922080131,3.02026823493327
"Cenpn",2.5087269425362,2.50624810404181,2.62591730706476,0.830083677287592,0.97436293840504,0.926905089734176,2.61349799127556,2.64429686295591,2.36241652145424,2.46909144512948,2.46668801760492,2.41412974050679
"Tmem158",2.54638167241648,2.48555828478325,2.65665715578844,1.39200845220419,1.20594339855513,1.32549695675386,2.62536806384283,2.61823908640924,2.55777938130456,2.71903124692268,2.57598314905241,2.57019774481825
"Palld",2.4610962307417,2.48108232235552,2.50197601393892,3.47850360829762,3.56331485442093,3.51863853283637,2.61755494706241,2.58413732203068,2.41367280207504,2.36509812887573,2.45402748690251,2.42121794109517
"Cdkn3",2.75739565669417,2.76790277144084,2.75519751879996,1.35621716765247,1.46810061767949,1.1856684764279,2.91531661126083,2.95305903506803,2.78607248342091,2.83709592696643,2.78703066363422,2.79854512900241
"Sgo1",2.43021835098477,2.52058701035532,2.42306400231345,1.24646534673227,1.2094744821489,1.21034882251089,2.65721869425241,2.50936718038221,2.45762781156411,2.40989416804188,2.33065462042347,2.48534641193188
"Ndc1",2.39998066039611,2.42265208085891,2.39313067342072,1.39697683906555,1.38681131952254,1.25650812205529,2.63703400280122,2.58803578641972,2.37435273547956,2.39726942619721,2.38487846504931,2.45935144743449
"Ms4a6c",3.31302627941764,3.41104152957812,3.43209798040463,4.19252205964703,4.3086433264392,4.31154707582936,3.45032234008843,3.31240015694235,3.23150315091311,3.20884273301651,3.20611044729117,3.13699772959069
"Kif2c",2.61296095325304,2.67699329909404,2.57534743063772,1.06757468508689,0.933120317822173,1.17919681175055,2.85093018234276,2.77896658238719,2.64385836846593,2.62243171933099,2.55694107714024,2.54927512809059
"Cep55",3.31467869831167,3.31731908898349,3.30313319398974,1.73807575666677,1.7031811720808,1.77434497459187,3.47844035045977,3.50733531572786,3.30910183266987,3.36861238806386,3.32994389426942,3.34964639817574
"F13a1",2.75654982902298,2.71432949828805,2.44693387079972,3.87131635138925,3.77234406808057,3.78431899421124,2.37136730381445,2.4343295009978,2.04312120515967,2.3907401159644,2.60070159624435,2.77374756251242
"Rnd3",2.13556372405851,2.18999538887485,1.79815804527833,3.15239098007242,3.3317748063102,3.34682166214965,2.40669310575902,1.97386273471483,1.83145914475144,1.97588310149812,1.89112928888282,1.69439749751863
"Sgms2",1.20153045147425,1.36979336945864,1.32293474523335,3.44939416761918,3.55289316552477,3.55337100962686,1.16458274240146,1.25906720518012,1.14435637039541,1.09093609155353,1.03328273425216,0.996890288615339
"Pck2",3.28544199565986,3.18851820417509,3.34257041261357,2.08918981856706,1.98576553699831,2.07549186874496,3.51452769103742,3.4590723282059,3.34596027633714,3.42793917040807,3.40606430107922,3.28899786020685
"Ddit4",1.10926126807124,1.07683803325798,1.17066742143968,2.89079151125077,2.92063133393755,2.88071290257607,1.2078239269539,1.31206793926749,1.33367970087133,1.30236989143021,1.28684568800268,1.07772570610596
"Mindy1",2.94269761944414,3.07405748366196,2.99865032182709,3.87705868399053,4.01154603352261,4.02075043155308,2.96777056602002,2.89067004234811,2.83725469495944,2.81948230691188,2.81193531508862,2.92485376769595
"4930579G24Rik",2.37619114972713,2.54184614571956,2.61198145842675,1.53495520421477,1.35349848931035,1.3772040342466,2.77841931666101,2.63224892222973,2.30711046314151,2.66150032927727,2.50917283219457,2.47906924354054
"Abcc3",2.83186715252137,2.91554688749729,2.78018527043278,3.81189224445038,3.81222750483211,3.83211125620086,3.03489709911219,2.96993004193533,2.90016515032032,2.82730290504243,2.81521465252567,2.78715924325591
"Dtl",2.60714885331595,2.57967740434498,2.61861880368329,0.749633150402267,0.758628926124877,0.770183169532537,2.66233155509516,2.57484367068881,2.46263374371044,2.56760900492485,2.4600579457019,2.51547240544048
"Tanc2",1.94050531373329,1.4174686412276,1.69744970487832,2.76479593118736,2.62828287537424,2.72610495309765,2.04208387181946,2.14111632142953,1.63061761394803,1.8091069841154,1.80484977049381,1.44148914573334
"3930401B19Rik",2.8365642503062,2.91368216719828,2.87598709860777,4.1484366035277,4.15017932553948,4.12180371115127,3.05391378343449,2.94697661312715,2.83664344216949,2.77887265881157,2.78416464123887,2.94429083793305
"A930026I22Rik",1.32085062106196,1.35094724423288,1.50377818494501,2.78833481472197,2.49931856010276,2.61151919307441,1.39689952823431,1.53651974122687,1.5168311442818,1.39298547749973,1.65816213792149,1.50855887501156
"Nav2",2.64152592383997,2.66016828289148,2.81510598505852,1.30423510509974,1.04649119159191,0.970288759769861,2.79897012317797,2.65982057346429,2.49155503310652,2.74845483029005,2.65793173610736,2.62781530601533
"Tnfrsf23",1.20720527732241,1.30891837511646,1.1108183712362,2.29131578283863,2.72172483751083,2.80384069915523,1.13283097576221,1.05692255100126,0.993271942733892,0.927020689501465,0.954571280084433,0.97422095381299
"Tnfrsf22",1.33784349295966,1.21030749041664,1.39802654796998,2.24198983317438,2.41245958955943,2.38034063550648,1.34397977818409,1.57731649611365,1.10957430734621,1.33573681775316,1.27108037451591,1.28359511569948
"Fam20c",4.20644434683475,4.27678589008173,4.25446798446966,2.83186924050258,2.82338725630035,2.837891373184,4.29546573671378,4.27530596811234,4.14211866298968,4.12385601259529,4.1383728942612,4.17413364627848
"Hcar2",2.48976314801989,2.56380446771581,2.56678825470474,1.14100862245892,1.36368273242142,1.34496973044811,2.53242547964288,2.54761818134454,2.43150796102562,2.41584458314586,2.46091244322846,2.28363340732954
"Ckap2",2.86390917732507,2.88808846054752,2.7377530457799,1.34640784450458,1.27596305331176,1.62587403902429,2.97392266343871,2.96011288829522,2.88457522799943,2.90284001554968,2.77731165821464,2.79210392950061
"Trem2",4.35700080996595,4.3535897519032,4.31131672672923,3.06641479740486,3.06108866560555,3.08484864731384,4.55388951668756,4.51624310919382,4.3504893254479,4.38618164122386,4.34201263085928,4.28711555841199
"Pde4dip",1.86437938102349,1.77064803462524,2.06143372447793,0.872437198499873,0.84899974919837,0.726707122600897,2.01326552978376,2.2352459395778,1.98240081388038,2.22149074173807,2.14201500730198,2.03829675959147
"Cenpq",2.89880869011731,2.95928597253936,2.96851611414479,1.30073696224808,1.52880278119786,1.47869158236652,3.01557685258291,3.09401905300719,2.85895443605337,2.97295755676255,2.91926763912167,2.89485721744114
"Cd163",0.963854084287849,1.14663174345378,0.911941126023517,1.98068812411284,1.94741922642469,2.00547490073149,1.07619698124267,1.03505388451171,0.986949344022155,0.807650194380371,0.950983909455805,1.01966884565094
"Klf7",1.94815002254376,2.30652539544129,2.01250804516239,3.2091815556696,3.08517122970177,3.07967157476292,2.22258166337773,2.11992414681353,2.07885168479134,2.09967380406219,1.95791993864499,2.1108730209609
"Cnnm2",1.37999918877335,1.28019549156353,1.57444644548111,3.28728388491364,3.42950781547303,3.40445381415252,1.58648850754656,1.57921854428471,1.32162948499419,1.27313188020802,1.40517179629219,1.13996526711888
"Hmgb2",3.61799676079414,3.57611335712255,3.62753948278115,2.23148628746318,2.36124601508636,2.36039903285969,3.76696680066799,3.81792640668284,3.62211424093411,3.69100351025539,3.67798806925427,3.69848086763975
"Adgrl2",2.77511630654585,2.86123964802108,2.89272684455763,3.73104727984135,3.7621179212155,3.78423909989713,2.79332309379268,2.85294223198636,2.71493050119578,2.62444099066562,2.69298892370348,2.6196048192467
"Tiparp",2.80500327975198,3.01108305651347,2.95951643594366,4.08009383492394,4.01890227872608,3.99312818461483,3.14688357245549,3.2179355503653,3.09693906709301,2.91031361337413,2.67644427022504,2.74442768308328
